DATE,MORTGAGE30US,RRVRUSQ156N,CPIAUCSL
1971-04-04,7.33,5.3,40.1
1971-04-11,7.31,5.3,40.1
1971-04-18,7.31,5.3,40.1
1971-04-25,7.31,5.3,40.1
1971-05-02,7.29,5.3,40.1
1971-05-03,7.29,5.3,40.3
1971-05-09,7.38,5.3,40.3
1971-05-16,7.42,5.3,40.3
1971-05-23,7.44,5.3,40.3
1971-05-30,7.46,5.3,40.3
1971-06-03,7.46,5.3,40.5
1971-06-06,7.52,5.3,40.5
1971-06-13,7.52,5.3,40.5
1971-06-20,7.54,5.3,40.5
1971-06-27,7.54,5.3,40.5
1971-07-03,7.54,5.6,40.6
1971-07-04,7.54,5.6,40.6
1971-07-11,7.54,5.6,40.6
1971-07-18,7.6,5.6,40.6
1971-07-25,7.65,5.6,40.6
1971-08-01,7.69,5.6,40.6
1971-08-03,7.69,5.6,40.7
1971-08-08,7.66,5.6,40.7
1971-08-15,7.73,5.6,40.7
1971-08-22,7.71,5.6,40.7
1971-08-29,7.69,5.6,40.7
1971-09-03,7.69,5.6,40.8
1971-09-05,7.71,5.6,40.8
1971-09-12,7.67,5.6,40.8
1971-09-19,7.7,5.6,40.8
1971-09-26,7.67,5.6,40.8
1971-10-03,7.67,5.6,40.9
1971-10-10,7.63,5.6,40.9
1971-10-17,7.63,5.6,40.9
1971-10-24,7.58,5.6,40.9
1971-10-31,7.63,5.6,40.9
1971-11-03,7.63,5.6,41.0
1971-11-07,7.59,5.6,41.0
1971-11-14,7.56,5.6,41.0
1971-11-21,7.54,5.6,41.0
1971-11-28,7.51,5.6,41.0
1971-12-03,7.51,5.6,41.1
1971-12-05,7.49,5.6,41.1
1971-12-12,7.47,5.6,41.1
1971-12-19,7.48,5.6,41.1
1971-12-26,7.48,5.6,41.1
1972-01-02,7.48,5.6,41.1
1972-01-03,7.48,5.3,41.2
1972-01-09,7.46,5.3,41.2
1972-01-16,7.46,5.3,41.2
1972-01-23,7.43,5.3,41.2
1972-01-30,7.4,5.3,41.2
1972-02-03,7.4,5.3,41.4
1972-02-06,7.35,5.3,41.4
1972-02-13,7.33,5.3,41.4
1972-02-20,7.31,5.3,41.4
1972-02-27,7.31,5.3,41.4
1972-03-03,7.31,5.3,41.4
1972-03-05,7.32,5.3,41.4
1972-03-12,7.32,5.3,41.4
1972-03-19,7.31,5.3,41.4
1972-03-26,7.31,5.3,41.4
1972-04-02,7.23,5.3,41.4
1972-04-03,7.23,5.5,41.5
1972-04-09,7.25,5.5,41.5
1972-04-16,7.29,5.5,41.5
1972-04-23,7.29,5.5,41.5
1972-04-30,7.33,5.5,41.5
1972-05-03,7.33,5.5,41.6
1972-05-07,7.33,5.5,41.6
1972-05-14,7.38,5.5,41.6
1972-05-21,7.38,5.5,41.6
1972-05-28,7.4,5.5,41.6
1972-06-03,7.4,5.5,41.7
1972-06-04,7.36,5.5,41.7
1972-06-11,7.38,5.5,41.7
1972-06-18,7.38,5.5,41.7
1972-06-25,7.36,5.5,41.7
1972-07-02,7.38,5.5,41.7
1972-07-03,7.38,5.8,41.8
1972-07-09,7.38,5.8,41.8
1972-07-16,7.4,5.8,41.8
1972-07-23,7.4,5.8,41.8
1972-07-30,7.4,5.8,41.8
1972-08-03,7.4,5.8,41.9
1972-08-06,7.35,5.8,41.9
1972-08-13,7.41,5.8,41.9
1972-08-20,7.42,5.8,41.9
1972-08-27,7.42,5.8,41.9
1972-09-03,7.42,5.8,42.1
1972-09-10,7.42,5.8,42.1
1972-09-17,7.42,5.8,42.1
1972-09-24,7.41,5.8,42.1
1972-10-01,7.43,5.8,42.1
1972-10-03,7.43,5.6,42.2
1972-10-08,7.41,5.6,42.2
1972-10-15,7.41,5.6,42.2
1972-10-22,7.44,5.6,42.2
1972-10-29,7.42,5.6,42.2
1972-11-03,7.42,5.6,42.4
1972-11-05,7.43,5.6,42.4
1972-11-12,7.42,5.6,42.4
1972-11-19,7.42,5.6,42.4
1972-11-26,7.44,5.6,42.4
1972-12-03,7.45,5.6,42.5
1972-12-10,7.43,5.6,42.5
1972-12-17,7.43,5.6,42.5
1972-12-24,7.45,5.6,42.5
1972-12-31,7.45,5.6,42.5
1973-01-03,7.45,5.7,42.7
1973-01-07,7.44,5.7,42.7
1973-01-14,7.44,5.7,42.7
1973-01-21,7.44,5.7,42.7
1973-01-28,7.43,5.7,42.7
1973-02-03,7.43,5.7,43.0
1973-02-04,7.43,5.7,43.0
1973-02-11,7.43,5.7,43.0
1973-02-18,7.45,5.7,43.0
1973-02-25,7.45,5.7,43.0
1973-03-03,7.45,5.7,43.4
1973-03-04,7.45,5.7,43.4
1973-03-11,7.45,5.7,43.4
1973-03-18,7.45,5.7,43.4
1973-03-25,7.45,5.7,43.4
1973-04-01,7.49,5.7,43.4
1973-04-03,7.49,5.8,43.7
1973-04-08,7.51,5.8,43.7
1973-04-15,7.54,5.8,43.7
1973-04-22,7.56,5.8,43.7
1973-04-29,7.56,5.8,43.7
1973-05-03,7.56,5.8,43.9
1973-05-06,7.58,5.8,43.9
1973-05-13,7.64,5.8,43.9
1973-05-20,7.69,5.8,43.9
1973-05-26,7.7,5.8,43.9
1973-06-03,7.7,5.8,44.2
1973-06-10,7.73,5.8,44.2
1973-06-17,7.73,5.8,44.2
1973-06-24,7.75,5.8,44.2
1973-07-01,7.76,5.8,44.2
1973-07-03,7.76,5.8,44.2
1973-07-08,7.89,5.8,44.2
1973-07-15,8.01,5.8,44.2
1973-07-22,8.12,5.8,44.2
1973-07-29,8.18,5.8,44.2
1973-08-03,8.18,5.8,45.0
1973-08-05,8.26,5.8,45.0
1973-08-12,8.4,5.8,45.0
1973-08-19,8.55,5.8,45.0
1973-08-26,8.61,5.8,45.0
1973-09-02,8.66,5.8,45.0
1973-09-03,8.66,5.8,45.2
1973-09-09,8.77,5.8,45.2
1973-09-16,8.81,5.8,45.2
1973-09-23,8.83,5.8,45.2
1973-09-30,8.85,5.8,45.2
1973-10-03,8.85,5.8,45.6
1973-10-07,8.82,5.8,45.6
1973-10-14,8.83,5.8,45.6
1973-10-21,8.75,5.8,45.6
1973-10-28,8.68,5.8,45.6
1973-11-03,8.68,5.8,45.9
1973-11-04,8.62,5.8,45.9
1973-11-11,8.59,5.8,45.9
1973-11-18,8.58,5.8,45.9
1973-11-25,8.57,5.8,45.9
1973-12-02,8.55,5.8,45.9
1973-12-03,8.55,5.8,46.3
1973-12-09,8.53,5.8,46.3
1973-12-16,8.53,5.8,46.3
1973-12-23,8.53,5.8,46.3
1973-12-30,8.56,5.8,46.3
1974-01-03,8.56,6.2,46.8
1974-01-06,8.56,6.2,46.8
1974-01-13,8.53,6.2,46.8
1974-01-20,8.55,6.2,46.8
1974-01-27,8.52,6.2,46.8
1974-02-03,8.48,6.2,47.3
1974-02-10,8.46,6.2,47.3
1974-02-17,8.46,6.2,47.3
1974-02-24,8.42,6.2,47.3
1974-03-03,8.41,6.2,47.8
1974-03-10,8.41,6.2,47.8
1974-03-17,8.4,6.2,47.8
1974-03-24,8.4,6.2,47.8
1974-03-31,8.41,6.2,47.8
1974-04-03,8.41,6.3,48.1
1974-04-07,8.44,6.3,48.1
1974-04-14,8.53,6.3,48.1
1974-04-21,8.63,6.3,48.1
1974-04-28,8.73,6.3,48.1
1974-05-03,8.73,6.3,48.6
1974-05-05,8.87,6.3,48.6
1974-05-12,8.98,6.3,48.6
1974-05-19,8.97,6.3,48.6
1974-05-26,9.01,6.3,48.6
1974-06-02,9.03,6.3,48.6
1974-06-03,9.03,6.3,49.0
1974-06-09,9.06,6.3,49.0
1974-06-16,9.11,6.3,49.0
1974-06-23,9.07,6.3,49.0
1974-06-30,9.1,6.3,49.0
1974-07-03,9.1,6.2,49.3
1974-07-07,9.14,6.2,49.3
1974-07-14,9.19,6.2,49.3
1974-07-21,9.37,6.2,49.3
1974-07-28,9.42,6.2,49.3
1974-08-03,9.42,6.2,49.9
1974-08-04,9.47,6.2,49.9
1974-08-11,9.5,6.2,49.9
1974-08-18,9.6,6.2,49.9
1974-08-25,9.62,6.2,49.9
1974-09-01,9.74,6.2,49.9
1974-09-03,9.74,6.2,50.6
1974-09-08,9.88,6.2,50.6
1974-09-15,9.92,6.2,50.6
1974-09-22,10.0,6.2,50.6
1974-09-29,10.03,6.2,50.6
1974-10-03,10.03,6.0,51.0
1974-10-06,10.02,6.0,51.0
1974-10-13,9.96,6.0,51.0
1974-10-20,9.99,6.0,51.0
1974-10-27,9.94,6.0,51.0
1974-11-03,9.87,6.0,51.5
1974-11-10,9.81,6.0,51.5
1974-11-17,9.81,6.0,51.5
1974-11-24,9.73,6.0,51.5
1974-12-01,9.72,6.0,51.5
1974-12-03,9.72,6.0,51.9
1974-12-08,9.69,6.0,51.9
1974-12-15,9.63,6.0,51.9
1974-12-22,9.58,6.0,51.9
1974-12-29,9.56,6.0,51.9
1975-01-03,9.56,6.1,52.3
1975-01-05,9.6,6.1,52.3
1975-01-12,9.49,6.1,52.3
1975-01-19,9.43,6.1,52.3
1975-01-26,9.35,6.1,52.3
1975-02-02,9.29,6.1,52.3
1975-02-03,9.29,6.1,52.6
1975-02-09,9.2,6.1,52.6
1975-02-16,9.13,6.1,52.6
1975-02-23,9.07,6.1,52.6
1975-03-02,9.02,6.1,52.6
1975-03-03,9.02,6.1,52.8
1975-03-09,9.0,6.1,52.8
1975-03-16,8.89,6.1,52.8
1975-03-23,8.86,6.1,52.8
1975-03-30,8.86,6.1,52.8
1975-04-03,8.86,6.3,53.0
1975-04-06,8.83,6.3,53.0
1975-04-13,8.81,6.3,53.0
1975-04-20,8.8,6.3,53.0
1975-04-27,8.84,6.3,53.0
1975-05-03,8.84,6.3,53.1
1975-05-04,8.92,6.3,53.1
1975-05-11,8.88,6.3,53.1
1975-05-18,8.92,6.3,53.1
1975-05-25,8.92,6.3,53.1
1975-06-01,8.89,6.3,53.1
1975-06-03,8.89,6.3,53.5
1975-06-08,8.89,6.3,53.5
1975-06-15,8.9,6.3,53.5
1975-06-22,8.88,6.3,53.5
1975-06-29,8.9,6.3,53.5
1975-07-03,8.9,6.2,54.0
1975-07-05,8.88,6.2,54.0
1975-07-13,8.9,6.2,54.0
1975-07-20,8.89,6.2,54.0
1975-07-27,8.89,6.2,54.0
1975-08-03,8.89,6.2,54.2
1975-08-10,8.89,6.2,54.2
1975-08-17,8.93,6.2,54.2
1975-08-24,8.98,6.2,54.2
1975-08-31,9.02,6.2,54.2
1975-09-03,9.02,6.2,54.6
1975-09-07,9.08,6.2,54.6
1975-09-14,9.16,6.2,54.6
1975-09-21,9.14,6.2,54.6
1975-09-28,9.14,6.2,54.6
1975-10-03,9.14,5.4,54.9
1975-10-05,9.2,5.4,54.9
1975-10-12,9.21,5.4,54.9
1975-10-19,9.21,5.4,54.9
1975-10-26,9.26,5.4,54.9
1975-11-02,9.24,5.4,54.9
1975-11-03,9.24,5.4,55.3
1975-11-09,9.19,5.4,55.3
1975-11-16,9.16,5.4,55.3
1975-11-23,9.12,5.4,55.3
1975-11-30,9.11,5.4,55.3
1975-12-03,9.11,5.4,55.6
1975-12-07,9.11,5.4,55.6
1975-12-14,9.11,5.4,55.6
1975-12-21,9.08,5.4,55.6
1975-12-28,9.09,5.4,55.6
1976-01-03,9.09,5.5,55.8
1976-01-04,9.1,5.5,55.8
1976-01-11,9.07,5.5,55.8
1976-01-18,9.01,5.5,55.8
1976-01-25,9.0,5.5,55.8
1976-02-01,8.9,5.5,55.8
1976-02-03,8.9,5.5,55.9
1976-02-08,8.86,5.5,55.9
1976-02-15,8.83,5.5,55.9
1976-02-22,8.81,5.5,55.9
1976-02-29,8.75,5.5,55.9
1976-03-03,8.75,5.5,56.0
1976-03-07,8.77,5.5,56.0
1976-03-14,8.75,5.5,56.0
1976-03-21,8.75,5.5,56.0
1976-03-28,8.75,5.5,56.0
1976-04-03,8.75,5.8,56.1
1976-04-04,8.7,5.8,56.1
1976-04-11,8.7,5.8,56.1
1976-04-18,8.75,5.8,56.1
1976-04-25,8.75,5.8,56.1
1976-05-02,8.75,5.8,56.1
1976-05-03,8.75,5.8,56.4
1976-05-09,8.75,5.8,56.4
1976-05-16,8.75,5.8,56.4
1976-05-23,8.78,5.8,56.4
1976-05-30,8.78,5.8,56.4
1976-06-03,8.78,5.8,56.7
1976-06-06,8.78,5.8,56.7
1976-06-13,8.83,5.8,56.7
1976-06-20,8.88,5.8,56.7
1976-06-27,8.9,5.8,56.7
1976-07-03,8.9,5.7,57.0
1976-07-04,8.93,5.7,57.0
1976-07-11,8.93,5.7,57.0
1976-07-18,8.93,5.7,57.0
1976-07-25,8.9,5.7,57.0
1976-08-01,8.98,5.7,57.0
1976-08-03,8.98,5.7,57.3
1976-08-08,9.0,5.7,57.3
1976-08-15,9.0,5.7,57.3
1976-08-22,9.0,5.7,57.3
1976-08-29,9.0,5.7,57.3
1976-09-03,9.0,5.7,57.6
1976-09-05,9.0,5.7,57.6
1976-09-12,8.97,5.7,57.6
1976-09-19,8.97,5.7,57.6
1976-09-26,8.97,5.7,57.6
1976-10-03,8.9,5.3,57.9
1976-10-10,8.95,5.3,57.9
1976-10-17,8.95,5.3,57.9
1976-10-24,8.95,5.3,57.9
1976-10-31,8.9,5.3,57.9
1976-11-03,8.9,5.3,58.1
1976-11-07,8.85,5.3,58.1
1976-11-14,8.8,5.3,58.1
1976-11-21,8.8,5.3,58.1
1976-11-28,8.8,5.3,58.1
1976-12-03,8.8,5.3,58.4
1976-12-05,8.8,5.3,58.4
1976-12-12,8.8,5.3,58.4
1976-12-19,8.8,5.3,58.4
1976-12-26,8.78,5.3,58.4
1977-01-02,8.78,5.3,58.4
1977-01-03,8.78,5.1,58.7
1977-01-09,8.7,5.1,58.7
1977-01-16,8.73,5.1,58.7
1977-01-23,8.73,5.1,58.7
1977-01-30,8.73,5.1,58.7
1977-02-03,8.73,5.1,59.3
1977-02-06,8.68,5.1,59.3
1977-02-13,8.7,5.1,59.3
1977-02-20,8.65,5.1,59.3
1977-02-27,8.65,5.1,59.3
1977-03-03,8.65,5.1,59.6
1977-03-06,8.65,5.1,59.6
1977-03-13,8.7,5.1,59.6
1977-03-20,8.7,5.1,59.6
1977-03-27,8.7,5.1,59.6
1977-04-03,8.7,5.3,60.0
1977-04-10,8.75,5.3,60.0
1977-04-17,8.75,5.3,60.0
1977-04-24,8.78,5.3,60.0
1977-05-01,8.78,5.3,60.0
1977-05-03,8.78,5.3,60.2
1977-05-08,8.78,5.3,60.2
1977-05-15,8.83,5.3,60.2
1977-05-22,8.85,5.3,60.2
1977-05-29,8.85,5.3,60.2
1977-06-03,8.85,5.3,60.5
1977-06-05,8.85,5.3,60.5
1977-06-12,8.85,5.3,60.5
1977-06-19,8.85,5.3,60.5
1977-06-26,8.88,5.3,60.5
1977-07-03,8.95,5.4,60.8
1977-07-10,8.93,5.4,60.8
1977-07-17,8.95,5.4,60.8
1977-07-24,8.95,5.4,60.8
1977-07-31,8.93,5.4,60.8
1977-08-03,8.93,5.4,61.1
1977-08-07,8.95,5.4,61.1
1977-08-14,8.95,5.4,61.1
1977-08-21,8.93,5.4,61.1
1977-08-28,8.93,5.4,61.1
1977-09-03,8.93,5.4,61.3
1977-09-04,8.88,5.4,61.3
1977-09-11,8.9,5.4,61.3
1977-09-18,8.9,5.4,61.3
1977-09-25,8.9,5.4,61.3
1977-10-02,8.9,5.4,61.3
1977-10-03,8.9,5.1,61.6
1977-10-09,8.93,5.1,61.6
1977-10-16,8.93,5.1,61.6
1977-10-23,8.93,5.1,61.6
1977-10-30,8.9,5.1,61.6
1977-11-03,8.9,5.1,62.0
1977-11-06,8.9,5.1,62.0
1977-11-13,8.93,5.1,62.0
1977-11-20,8.93,5.1,62.0
1977-11-27,8.93,5.1,62.0
1977-12-03,8.93,5.1,62.3
1977-12-04,8.95,5.1,62.3
1977-12-11,8.95,5.1,62.3
1977-12-18,8.95,5.1,62.3
1977-12-25,8.95,5.1,62.3
1978-01-01,9.0,5.1,62.3
1978-01-03,9.0,5.0,62.7
1978-01-08,9.0,5.0,62.7
1978-01-15,9.03,5.0,62.7
1978-01-22,8.98,5.0,62.7
1978-01-29,9.05,5.0,62.7
1978-02-03,9.05,5.0,63.0
1978-02-05,9.13,5.0,63.0
1978-02-12,9.15,5.0,63.0
1978-02-19,9.15,5.0,63.0
1978-02-26,9.15,5.0,63.0
1978-03-03,9.15,5.0,63.4
1978-03-05,9.15,5.0,63.4
1978-03-12,9.15,5.0,63.4
1978-03-19,9.23,5.0,63.4
1978-03-26,9.23,5.0,63.4
1978-04-02,9.25,5.0,63.4
1978-04-03,9.25,5.1,63.9
1978-04-09,9.28,5.1,63.9
1978-04-16,9.33,5.1,63.9
1978-04-23,9.38,5.1,63.9
1978-04-30,9.43,5.1,63.9
1978-05-03,9.43,5.1,64.5
1978-05-07,9.48,5.1,64.5
1978-05-14,9.55,5.1,64.5
1978-05-21,9.58,5.1,64.5
1978-05-28,9.68,5.1,64.5
1978-06-03,9.68,5.1,65.0
1978-06-04,9.68,5.1,65.0
1978-06-11,9.7,5.1,65.0
1978-06-18,9.73,5.1,65.0
1978-06-25,9.7,5.1,65.0
1978-07-02,9.73,5.1,65.0
1978-07-03,9.73,5.0,65.5
1978-07-09,9.73,5.0,65.5
1978-07-16,9.73,5.0,65.5
1978-07-23,9.75,5.0,65.5
1978-07-30,9.75,5.0,65.5
1978-08-03,9.75,5.0,65.9
1978-08-06,9.78,5.0,65.9
1978-08-13,9.78,5.0,65.9
1978-08-20,9.78,5.0,65.9
1978-08-27,9.8,5.0,65.9
1978-09-03,9.75,5.0,66.5
1978-09-10,9.75,5.0,66.5
1978-09-17,9.75,5.0,66.5
1978-09-24,9.75,5.0,66.5
1978-10-01,9.78,5.0,66.5
1978-10-03,9.78,5.0,67.1
1978-10-08,9.85,5.0,67.1
1978-10-15,9.85,5.0,67.1
1978-10-22,9.85,5.0,67.1
1978-10-29,9.88,5.0,67.1
1978-11-03,9.88,5.0,67.5
1978-11-05,9.9,5.0,67.5
1978-11-12,10.05,5.0,67.5
1978-11-19,10.2,5.0,67.5
1978-11-26,10.28,5.0,67.5
1978-12-03,10.3,5.0,67.9
1978-12-10,10.35,5.0,67.9
1978-12-17,10.35,5.0,67.9
1978-12-24,10.35,5.0,67.9
1978-12-31,10.38,5.0,67.9
1979-01-03,10.38,5.1,68.5
1979-01-07,10.38,5.1,68.5
1979-01-14,10.38,5.1,68.5
1979-01-21,10.4,5.1,68.5
1979-01-28,10.4,5.1,68.5
1979-02-03,10.4,5.1,69.2
1979-02-04,10.4,5.1,69.2
1979-02-11,10.43,5.1,69.2
1979-02-18,10.4,5.1,69.2
1979-02-25,10.4,5.1,69.2
1979-03-03,10.4,5.1,69.9
1979-03-04,10.43,5.1,69.9
1979-03-11,10.4,5.1,69.9
1979-03-18,10.4,5.1,69.9
1979-03-25,10.45,5.1,69.9
1979-04-01,10.45,5.1,69.9
1979-04-03,10.45,5.5,70.6
1979-04-08,10.48,5.5,70.6
1979-04-15,10.48,5.5,70.6
1979-04-22,10.5,5.5,70.6
1979-04-29,10.53,5.5,70.6
1979-05-03,10.53,5.5,71.4
1979-05-06,10.6,5.5,71.4
1979-05-13,10.68,5.5,71.4
1979-05-20,10.73,5.5,71.4
1979-05-27,10.75,5.5,71.4
1979-06-03,10.9,5.5,72.2
1979-06-10,11.03,5.5,72.2
1979-06-17,11.05,5.5,72.2
1979-06-24,11.1,5.5,72.2
1979-07-01,11.1,5.5,72.2
1979-07-03,11.1,5.7,73.0
1979-07-08,11.13,5.7,73.0
1979-07-15,11.08,5.7,73.0
1979-07-22,11.08,5.7,73.0
1979-07-29,11.08,5.7,73.0
1979-08-03,11.08,5.7,73.7
1979-08-05,11.08,5.7,73.7
1979-08-12,11.08,5.7,73.7
1979-08-19,11.08,5.7,73.7
1979-08-26,11.1,5.7,73.7
1979-09-02,11.13,5.7,73.7
1979-09-03,11.13,5.7,74.4
1979-09-09,11.2,5.7,74.4
1979-09-16,11.3,5.7,74.4
1979-09-23,11.35,5.7,74.4
1979-09-30,11.35,5.7,74.4
1979-10-03,11.35,5.4,75.2
1979-10-07,11.35,5.4,75.2
1979-10-14,11.45,5.4,75.2
1979-10-21,11.75,5.4,75.2
1979-10-28,12.0,5.4,75.2
1979-11-03,12.0,5.4,76.0
1979-11-04,12.8,5.4,76.0
1979-11-11,12.85,5.4,76.0
1979-11-18,12.8,5.4,76.0
1979-11-25,12.8,5.4,76.0
1979-12-02,12.9,5.4,76.0
1979-12-03,12.9,5.4,76.9
1979-12-09,12.9,5.4,76.9
1979-12-16,12.9,5.4,76.9
1979-12-23,12.9,5.4,76.9
1979-12-30,12.9,5.4,76.9
1980-01-03,12.9,5.2,78.0
1980-01-06,12.85,5.2,78.0
1980-01-13,12.9,5.2,78.0
1980-01-20,12.87,5.2,78.0
1980-01-27,12.89,5.2,78.0
1980-02-03,12.85,5.2,79.0
1980-02-10,12.85,5.2,79.0
1980-02-17,12.88,5.2,79.0
1980-02-24,13.03,5.2,79.0
1980-03-02,13.59,5.2,79.0
1980-03-03,13.59,5.2,80.1
1980-03-09,14.0,5.2,80.1
1980-03-16,15.4,5.2,80.1
1980-03-23,15.7,5.2,80.1
1980-03-30,16.03,5.2,80.1
1980-04-03,16.03,5.6,80.9
1980-04-06,16.35,5.6,80.9
1980-04-13,16.35,5.6,80.9
1980-04-20,16.35,5.6,80.9
1980-04-27,16.25,5.6,80.9
1980-05-03,16.25,5.6,81.7
1980-05-04,15.9,5.6,81.7
1980-05-11,14.68,5.6,81.7
1980-05-18,14.15,5.6,81.7
1980-05-25,13.38,5.6,81.7
1980-06-01,13.2,5.6,81.7
1980-06-03,13.2,5.6,82.5
1980-06-08,13.06,5.6,82.5
1980-06-15,12.85,5.6,82.5
1980-06-22,12.58,5.6,82.5
1980-06-29,12.35,5.6,82.5
1980-07-03,12.35,5.7,82.6
1980-07-06,12.18,5.7,82.6
1980-07-13,12.23,5.7,82.6
1980-07-20,12.18,5.7,82.6
1980-07-27,12.18,5.7,82.6
1980-08-03,12.25,5.7,83.2
1980-08-10,12.25,5.7,83.2
1980-08-17,12.55,5.7,83.2
1980-08-24,12.8,5.7,83.2
1980-08-31,12.95,5.7,83.2
1980-09-03,12.95,5.7,83.9
1980-09-07,13.03,5.7,83.9
1980-09-14,13.08,5.7,83.9
1980-09-21,13.25,5.7,83.9
1980-09-28,13.43,5.7,83.9
1980-10-03,13.43,5.0,84.7
1980-10-05,13.6,5.0,84.7
1980-10-12,13.73,5.0,84.7
1980-10-19,13.78,5.0,84.7
1980-10-26,13.85,5.0,84.7
1980-11-02,14.0,5.0,84.7
1980-11-03,14.0,5.0,85.6
1980-11-09,14.08,5.0,85.6
1980-11-16,14.18,5.0,85.6
1980-11-23,14.28,5.0,85.6
1980-11-30,14.28,5.0,85.6
1980-12-03,14.28,5.0,86.4
1980-12-07,14.43,5.0,86.4
1980-12-14,14.83,5.0,86.4
1980-12-21,14.95,5.0,86.4
1980-12-28,14.95,5.0,86.4
1981-01-03,14.95,5.2,87.2
1981-01-04,14.95,5.2,87.2
1981-01-11,14.8,5.2,87.2
1981-01-18,14.85,5.2,87.2
1981-01-25,14.85,5.2,87.2
1981-02-01,15.07,5.2,87.2
1981-02-03,15.07,5.2,88.0
1981-02-08,15.0,5.2,88.0
1981-02-15,15.03,5.2,88.0
1981-02-22,15.2,5.2,88.0
1981-03-01,15.3,5.2,88.0
1981-03-03,15.3,5.2,88.6
1981-03-08,15.4,5.2,88.6
1981-03-15,15.4,5.2,88.6
1981-03-22,15.4,5.2,88.6
1981-03-29,15.4,5.2,88.6
1981-04-03,15.4,5.0,89.1
1981-04-05,15.4,5.0,89.1
1981-04-12,15.5,5.0,89.1
1981-04-19,15.65,5.0,89.1
1981-04-26,15.77,5.0,89.1
1981-05-03,15.82,5.0,89.7
1981-05-10,16.12,5.0,89.7
1981-05-17,16.64,5.0,89.7
1981-05-24,16.63,5.0,89.7
1981-05-31,16.8,5.0,89.7
1981-06-03,16.8,5.0,90.5
1981-06-07,16.76,5.0,90.5
1981-06-14,16.69,5.0,90.5
1981-06-21,16.71,5.0,90.5
1981-06-28,16.62,5.0,90.5
1981-07-03,16.62,5.0,91.5
1981-07-05,16.64,5.0,91.5
1981-07-12,16.79,5.0,91.5
1981-07-19,16.74,5.0,91.5
1981-07-26,16.88,5.0,91.5
1981-08-02,17.11,5.0,91.5
1981-08-03,17.11,5.0,92.2
1981-08-09,17.13,5.0,92.2
1981-08-16,17.27,5.0,92.2
1981-08-23,17.26,5.0,92.2
1981-08-30,17.48,5.0,92.2
1981-09-03,17.48,5.0,93.1
1981-09-06,17.79,5.0,93.1
1981-09-13,18.22,5.0,93.1
1981-09-20,18.27,5.0,93.1
1981-09-27,18.36,5.0,93.1
1981-10-03,18.36,5.0,93.4
1981-10-04,18.28,5.0,93.4
1981-10-11,18.63,5.0,93.4
1981-10-18,18.53,5.0,93.4
1981-10-23,18.39,5.0,93.4
1981-11-01,18.44,5.0,93.4
1981-11-03,18.44,5.0,93.8
1981-11-08,18.37,5.0,93.8
1981-11-15,18.02,5.0,93.8
1981-11-22,17.7,5.0,93.8
1981-11-29,17.21,5.0,93.8
1981-12-03,17.21,5.0,94.1
1981-12-06,16.9,5.0,94.1
1981-12-13,16.94,5.0,94.1
1981-12-20,16.9,5.0,94.1
1981-12-27,16.95,5.0,94.1
1982-01-02,17.04,5.0,94.1
1982-01-03,17.04,5.3,94.4
1982-01-10,17.3,5.3,94.4
1982-01-17,17.44,5.3,94.4
1982-01-24,17.61,5.3,94.4
1982-01-31,17.59,5.3,94.4
1982-02-03,17.59,5.3,94.7
1982-02-07,17.56,5.3,94.7
1982-02-14,17.65,5.3,94.7
1982-02-21,17.66,5.3,94.7
1982-02-28,17.52,5.3,94.7
1982-03-03,17.52,5.3,94.7
1982-03-07,17.29,5.3,94.7
1982-03-14,17.19,5.3,94.7
1982-03-21,17.12,5.3,94.7
1982-03-28,17.04,5.3,94.7
1982-04-03,17.04,5.1,95.0
1982-04-04,16.95,5.1,95.0
1982-04-11,16.91,5.1,95.0
1982-04-18,16.93,5.1,95.0
1982-04-25,16.86,5.1,95.0
1982-05-02,16.81,5.1,95.0
1982-05-03,16.81,5.1,95.9
1982-05-09,16.78,5.1,95.9
1982-05-16,16.63,5.1,95.9
1982-05-23,16.67,5.1,95.9
1982-05-30,16.63,5.1,95.9
1982-06-03,16.63,5.1,97.0
1982-06-06,16.65,5.1,97.0
1982-06-13,16.7,5.1,97.0
1982-06-20,16.71,5.1,97.0
1982-06-27,16.73,5.1,97.0
1982-07-03,16.73,5.3,97.5
1982-07-04,16.87,5.3,97.5
1982-07-11,16.93,5.3,97.5
1982-07-18,16.88,5.3,97.5
1982-07-25,16.75,5.3,97.5
1982-08-01,16.65,5.3,97.5
1982-08-03,16.65,5.3,97.7
1982-08-08,16.55,5.3,97.7
1982-08-15,16.44,5.3,97.7
1982-08-22,16.21,5.3,97.7
1982-08-29,15.88,5.3,97.7
1982-09-03,15.88,5.3,97.7
1982-09-05,15.59,5.3,97.7
1982-09-12,15.56,5.3,97.7
1982-09-19,15.38,5.3,97.7
1982-09-26,15.19,5.3,97.7
1982-10-03,15.13,5.5,98.1
1982-10-10,14.96,5.5,98.1
1982-10-17,14.6,5.5,98.1
1982-10-24,14.2,5.5,98.1
1982-10-31,14.15,5.5,98.1
1982-11-03,14.15,5.5,98.0
1982-11-07,13.91,5.5,98.0
1982-11-14,13.84,5.5,98.0
1982-11-21,13.78,5.5,98.0
1982-11-28,13.77,5.5,98.0
1982-12-03,13.77,5.5,97.7
1982-12-05,13.66,5.5,97.7
1982-12-12,13.66,5.5,97.7
1982-12-19,13.63,5.5,97.7
1982-12-26,13.6,5.5,97.7
1983-01-02,13.57,5.5,97.7
1983-01-03,13.57,5.7,97.9
1983-01-09,13.46,5.7,97.9
1983-01-16,13.31,5.7,97.9
1983-01-23,13.12,5.7,97.9
1983-01-30,13.1,5.7,97.9
1983-02-03,13.1,5.7,98.0
1983-02-06,13.06,5.7,98.0
1983-02-13,13.06,5.7,98.0
1983-02-20,13.07,5.7,98.0
1983-02-27,12.98,5.7,98.0
1983-03-03,12.98,5.7,98.1
1983-03-06,12.74,5.7,98.1
1983-03-13,12.79,5.7,98.1
1983-03-20,12.81,5.7,98.1
1983-03-27,12.86,5.7,98.1
1983-04-03,12.82,5.5,98.8
1983-04-10,12.82,5.5,98.8
1983-04-17,12.79,5.5,98.8
1983-04-24,12.75,5.5,98.8
1983-05-01,12.73,5.5,98.8
1983-05-03,12.73,5.5,99.2
1983-05-08,12.71,5.5,99.2
1983-05-15,12.59,5.5,99.2
1983-05-22,12.55,5.5,99.2
1983-05-29,12.68,5.5,99.2
1983-06-03,12.68,5.5,99.4
1983-06-05,12.74,5.5,99.4
1983-06-12,12.82,5.5,99.4
1983-06-19,12.96,5.5,99.4
1983-06-26,12.96,5.5,99.4
1983-07-03,13.08,5.8,99.8
1983-07-10,13.3,5.8,99.8
1983-07-17,13.5,5.8,99.8
1983-07-24,13.58,5.8,99.8
1983-07-31,13.65,5.8,99.8
1983-08-03,13.65,5.8,100.1
1983-08-07,13.73,5.8,100.1
1983-08-14,13.84,5.8,100.1
1983-08-21,13.89,5.8,100.1
1983-08-28,13.78,5.8,100.1
1983-09-03,13.78,5.8,100.4
1983-09-04,13.77,5.8,100.4
1983-09-11,13.77,5.8,100.4
1983-09-18,13.72,5.8,100.4
1983-09-25,13.72,5.8,100.4
1983-10-02,13.65,5.8,100.4
1983-10-03,13.65,5.5,100.8
1983-10-09,13.59,5.5,100.8
1983-10-16,13.6,5.5,100.8
1983-10-23,13.52,5.5,100.8
1983-10-30,13.43,5.5,100.8
1983-11-03,13.43,5.5,101.1
1983-11-06,13.42,5.5,101.1
1983-11-13,13.47,5.5,101.1
1983-11-20,13.42,5.5,101.1
1983-11-27,13.43,5.5,101.1
1983-12-03,13.43,5.5,101.4
1983-12-04,13.41,5.5,101.4
1983-12-11,13.38,5.5,101.4
1983-12-18,13.42,5.5,101.4
1983-12-25,13.46,5.5,101.4
1984-01-01,13.43,5.5,101.4
1984-01-03,13.43,5.6,102.1
1984-01-08,13.43,5.6,102.1
1984-01-15,13.4,5.6,102.1
1984-01-22,13.35,5.6,102.1
1984-01-29,13.29,5.6,102.1
1984-02-03,13.29,5.6,102.6
1984-02-05,13.26,5.6,102.6
1984-02-12,13.23,5.6,102.6
1984-02-19,13.19,5.6,102.6
1984-02-26,13.25,5.6,102.6
1984-03-03,13.25,5.6,102.9
1984-03-04,13.23,5.6,102.9
1984-03-11,13.3,5.6,102.9
1984-03-18,13.37,5.6,102.9
1984-03-25,13.48,5.6,102.9
1984-04-01,13.55,5.6,102.9
1984-04-03,13.55,5.5,103.3
1984-04-08,13.63,5.5,103.3
1984-04-15,13.58,5.5,103.3
1984-04-22,13.67,5.5,103.3
1984-04-29,13.73,5.5,103.3
1984-05-03,13.73,5.5,103.5
1984-05-06,13.78,5.5,103.5
1984-05-13,13.87,5.5,103.5
1984-05-20,14.04,5.5,103.5
1984-05-27,14.08,5.5,103.5
1984-06-03,14.29,5.5,103.7
1984-06-10,14.33,5.5,103.7
1984-06-17,14.47,5.5,103.7
1984-06-24,14.49,5.5,103.7
1984-07-01,14.5,5.5,103.7
1984-07-03,14.5,6.0,104.1
1984-07-08,14.66,6.0,104.1
1984-07-15,14.68,6.0,104.1
1984-07-22,14.66,6.0,104.1
1984-07-29,14.67,6.0,104.1
1984-08-03,14.67,6.0,104.4
1984-08-05,14.68,6.0,104.4
1984-08-12,14.54,6.0,104.4
1984-08-19,14.39,6.0,104.4
1984-08-26,14.36,6.0,104.4
1984-09-02,14.38,6.0,104.4
1984-09-03,14.38,6.0,104.7
1984-09-09,14.42,6.0,104.7
1984-09-16,14.43,6.0,104.7
1984-09-23,14.29,6.0,104.7
1984-09-30,14.26,6.0,104.7
1984-10-03,14.26,6.3,105.1
1984-10-07,14.18,6.3,105.1
1984-10-14,14.19,6.3,105.1
1984-10-21,14.1,6.3,105.1
1984-10-28,14.05,6.3,105.1
1984-11-03,14.05,6.3,105.3
1984-11-04,13.85,6.3,105.3
1984-11-11,13.74,6.3,105.3
1984-11-18,13.63,6.3,105.3
1984-11-25,13.55,6.3,105.3
1984-12-02,13.42,6.3,105.3
1984-12-03,13.42,6.3,105.5
1984-12-09,13.2,6.3,105.5
1984-12-16,13.2,6.3,105.5
1984-12-23,13.18,6.3,105.5
1984-12-30,13.14,6.3,105.5
1985-01-03,13.14,6.3,105.7
1985-01-06,13.1,6.3,105.7
1985-01-13,13.12,6.3,105.7
1985-01-20,13.12,6.3,105.7
1985-01-27,12.96,6.3,105.7
1985-02-03,12.93,6.3,106.3
1985-02-10,12.91,6.3,106.3
1985-02-17,12.9,6.3,106.3
1985-02-24,12.94,6.3,106.3
1985-03-03,13.02,6.3,106.8
1985-03-10,13.1,6.3,106.8
1985-03-17,13.2,6.3,106.8
1985-03-24,13.24,6.3,106.8
1985-03-31,13.29,6.3,106.8
1985-04-03,13.29,6.2,107.0
1985-04-07,13.27,6.2,107.0
1985-04-14,13.23,6.2,107.0
1985-04-21,13.16,6.2,107.0
1985-04-28,13.12,6.2,107.0
1985-05-03,13.12,6.2,107.2
1985-05-05,13.07,6.2,107.2
1985-05-12,13.02,6.2,107.2
1985-05-19,12.94,6.2,107.2
1985-05-26,12.83,6.2,107.2
1985-06-02,12.71,6.2,107.2
1985-06-03,12.71,6.2,107.5
1985-06-09,12.39,6.2,107.5
1985-06-16,12.27,6.2,107.5
1985-06-23,12.05,6.2,107.5
1985-06-30,12.15,6.2,107.5
1985-07-03,12.15,6.8,107.7
1985-07-07,12.13,6.8,107.7
1985-07-14,12.03,6.8,107.7
1985-07-21,11.94,6.8,107.7
1985-07-28,12.03,6.8,107.7
1985-08-03,12.03,6.8,107.9
1985-08-04,12.17,6.8,107.9
1985-08-11,12.23,6.8,107.9
1985-08-18,12.24,6.8,107.9
1985-08-25,12.18,6.8,107.9
1985-09-01,12.11,6.8,107.9
1985-09-03,12.11,6.8,108.1
1985-09-08,12.15,6.8,108.1
1985-09-15,12.24,6.8,108.1
1985-09-22,12.21,6.8,108.1
1985-09-29,12.17,6.8,108.1
1985-10-03,12.17,6.7,108.5
1985-10-06,12.17,6.7,108.5
1985-10-13,12.17,6.7,108.5
1985-10-20,12.13,6.7,108.5
1985-10-27,12.07,6.7,108.5
1985-11-03,12.01,6.7,109.0
1985-11-10,11.9,6.7,109.0
1985-11-17,11.79,6.7,109.0
1985-11-24,11.64,6.7,109.0
1985-12-01,11.58,6.7,109.0
1985-12-03,11.58,6.7,109.5
1985-12-08,11.5,6.7,109.5
1985-12-15,11.31,6.7,109.5
1985-12-22,11.14,6.7,109.5
1985-12-29,11.09,6.7,109.5
1986-01-03,11.09,6.9,109.9
1986-01-05,10.81,6.9,109.9
1986-01-12,10.77,6.9,109.9
1986-01-19,10.99,6.9,109.9
1986-01-26,10.97,6.9,109.9
1986-02-02,10.89,6.9,109.9
1986-02-03,10.89,6.9,109.7
1986-02-09,10.85,6.9,109.7
1986-02-16,10.8,6.9,109.7
1986-02-23,10.68,6.9,109.7
1986-03-02,10.51,6.9,109.7
1986-03-03,10.51,6.9,109.1
1986-03-09,10.2,6.9,109.1
1986-03-16,10.01,6.9,109.1
1986-03-23,10.01,6.9,109.1
1986-03-30,10.1,6.9,109.1
1986-04-03,10.1,7.3,108.7
1986-04-06,9.99,7.3,108.7
1986-04-13,9.98,7.3,108.7
1986-04-20,9.92,7.3,108.7
1986-04-27,9.86,7.3,108.7
1986-05-03,9.86,7.3,109.0
1986-05-04,9.9,7.3,109.0
1986-05-11,10.0,7.3,109.0
1986-05-18,10.08,7.3,109.0
1986-05-25,10.36,7.3,109.0
1986-06-01,10.38,7.3,109.0
1986-06-03,10.38,7.3,109.4
1986-06-08,10.74,7.3,109.4
1986-06-15,10.76,7.3,109.4
1986-06-22,10.61,7.3,109.4
1986-06-29,10.62,7.3,109.4
1986-07-03,10.62,7.5,109.5
1986-07-06,10.61,7.5,109.5
1986-07-13,10.59,7.5,109.5
1986-07-20,10.43,7.5,109.5
1986-07-27,10.4,7.5,109.5
1986-08-03,10.4,7.5,109.6
1986-08-10,10.4,7.5,109.6
1986-08-17,10.23,7.5,109.6
1986-08-24,10.04,7.5,109.6
1986-08-31,9.93,7.5,109.6
1986-09-03,9.93,7.5,110.0
1986-09-07,9.9,7.5,110.0
1986-09-14,9.96,7.5,110.0
1986-09-21,10.07,7.5,110.0
1986-09-28,10.1,7.5,110.0
1986-10-03,10.1,7.7,110.2
1986-10-05,10.08,7.7,110.2
1986-10-12,9.99,7.7,110.2
1986-10-19,9.96,7.7,110.2
1986-10-26,9.95,7.7,110.2
1986-11-02,9.89,7.7,110.2
1986-11-03,9.89,7.7,110.4
1986-11-09,9.83,7.7,110.4
1986-11-16,9.81,7.7,110.4
1986-11-23,9.64,7.7,110.4
1986-11-30,9.5,7.7,110.4
1986-12-03,9.5,7.7,110.8
1986-12-07,9.3,7.7,110.8
1986-12-14,9.35,7.7,110.8
1986-12-21,9.3,7.7,110.8
1986-12-28,9.29,7.7,110.8
1987-01-03,9.29,7.4,111.4
1987-01-04,9.37,7.4,111.4
1987-01-11,9.32,7.4,111.4
1987-01-18,9.21,7.4,111.4
1987-01-25,9.04,7.4,111.4
1987-02-01,9.08,7.4,111.4
1987-02-03,9.08,7.4,111.8
1987-02-08,9.06,7.4,111.8
1987-02-15,9.09,7.4,111.8
1987-02-22,9.11,7.4,111.8
1987-03-01,9.07,7.4,111.8
1987-03-03,9.07,7.4,112.2
1987-03-08,9.03,7.4,112.2
1987-03-15,9.05,7.4,112.2
1987-03-22,9.03,7.4,112.2
1987-03-29,9.03,7.4,112.2
1987-04-03,9.03,7.5,112.7
1987-04-05,9.26,7.5,112.7
1987-04-12,9.43,7.5,112.7
1987-04-19,10.27,7.5,112.7
1987-04-26,10.37,7.5,112.7
1987-05-03,10.47,7.5,113.0
1987-05-10,10.52,7.5,113.0
1987-05-17,10.48,7.5,113.0
1987-05-24,10.81,7.5,113.0
1987-05-31,10.7,7.5,113.0
1987-06-03,10.7,7.5,113.5
1987-06-07,10.7,7.5,113.5
1987-06-14,10.66,7.5,113.5
1987-06-21,10.44,7.5,113.5
1987-06-28,10.35,7.5,113.5
1987-07-03,10.35,8.1,113.8
1987-07-05,10.36,8.1,113.8
1987-07-12,10.3,8.1,113.8
1987-07-19,10.23,8.1,113.8
1987-07-26,10.23,8.1,113.8
1987-08-02,10.27,8.1,113.8
1987-08-03,10.27,8.1,114.3
1987-08-09,10.35,8.1,114.3
1987-08-16,10.34,8.1,114.3
1987-08-23,10.3,8.1,114.3
1987-08-30,10.33,8.1,114.3
1987-09-03,10.33,8.1,114.7
1987-09-06,10.63,8.1,114.7
1987-09-13,10.91,8.1,114.7
1987-09-20,10.99,8.1,114.7
1987-09-27,11.02,8.1,114.7
1987-10-03,11.02,7.8,115.0
1987-10-04,11.18,7.8,115.0
1987-10-11,11.21,7.8,115.0
1987-10-18,11.58,7.8,115.0
1987-10-25,11.36,7.8,115.0
1987-11-01,10.97,7.8,115.0
1987-11-03,10.97,7.8,115.4
1987-11-08,10.79,7.8,115.4
1987-11-15,10.66,7.8,115.4
1987-11-22,10.6,7.8,115.4
1987-11-29,10.55,7.8,115.4
1987-12-03,10.55,7.8,115.6
1987-12-06,10.6,7.8,115.6
1987-12-13,10.66,7.8,115.6
1987-12-20,10.69,7.8,115.6
1987-12-27,10.64,7.8,115.6
1988-01-02,10.61,7.8,115.6
1988-01-03,10.61,8.0,116.0
1988-01-10,10.5,8.0,116.0
1988-01-17,10.53,8.0,116.0
1988-01-24,10.34,8.0,116.0
1988-01-31,10.16,8.0,116.0
1988-02-03,10.16,8.0,116.2
1988-02-07,9.94,8.0,116.2
1988-02-14,9.84,8.0,116.2
1988-02-21,9.92,8.0,116.2
1988-02-28,9.87,8.0,116.2
1988-03-03,9.87,8.0,116.5
1988-03-06,9.85,8.0,116.5
1988-03-13,9.96,8.0,116.5
1988-03-20,9.92,8.0,116.5
1988-03-27,9.99,8.0,116.5
1988-04-03,10.05,7.7,117.2
1988-04-10,10.19,7.7,117.2
1988-04-17,10.19,7.7,117.2
1988-04-24,10.3,7.7,117.2
1988-05-01,10.28,7.7,117.2
1988-05-03,10.28,7.7,117.5
1988-05-08,10.32,7.7,117.5
1988-05-15,10.4,7.7,117.5
1988-05-22,10.52,7.7,117.5
1988-05-29,10.58,7.7,117.5
1988-06-03,10.58,7.7,118.0
1988-06-05,10.58,7.7,118.0
1988-06-12,10.51,7.7,118.0
1988-06-19,10.35,7.7,118.0
1988-06-26,10.4,7.7,118.0
1988-07-03,10.39,7.8,118.5
1988-07-10,10.38,7.8,118.5
1988-07-17,10.44,7.8,118.5
1988-07-24,10.46,7.8,118.5
1988-07-31,10.49,7.8,118.5
1988-08-03,10.49,7.8,119.0
1988-08-07,10.44,7.8,119.0
1988-08-14,10.57,7.8,119.0
1988-08-21,10.71,7.8,119.0
1988-08-28,10.67,7.8,119.0
1988-09-03,10.67,7.8,119.5
1988-09-04,10.65,7.8,119.5
1988-09-11,10.53,7.8,119.5
1988-09-18,10.4,7.8,119.5
1988-09-25,10.4,7.8,119.5
1988-10-02,10.42,7.8,119.5
1988-10-03,10.42,7.3,119.9
1988-10-09,10.38,7.3,119.9
1988-10-16,10.33,7.3,119.9
1988-10-23,10.28,7.3,119.9
1988-10-30,10.22,7.3,119.9
1988-11-03,10.22,7.3,120.3
1988-11-06,10.12,7.3,120.3
1988-11-13,10.24,7.3,120.3
1988-11-20,10.31,7.3,120.3
1988-11-27,10.39,7.3,120.3
1988-12-03,10.39,7.3,120.7
1988-12-04,10.44,7.3,120.7
1988-12-11,10.46,7.3,120.7
1988-12-18,10.71,7.3,120.7
1988-12-25,10.68,7.3,120.7
1989-01-01,10.77,7.3,120.7
1989-01-03,10.77,7.5,121.2
1989-01-08,10.8,7.5,121.2
1989-01-15,10.81,7.5,121.2
1989-01-22,10.71,7.5,121.2
1989-01-29,10.6,7.5,121.2
1989-02-03,10.6,7.5,121.6
1989-02-05,10.55,7.5,121.6
1989-02-12,10.56,7.5,121.6
1989-02-19,10.69,7.5,121.6
1989-02-26,10.78,7.5,121.6
1989-03-03,10.78,7.5,122.2
1989-03-05,10.91,7.5,122.2
1989-03-12,10.86,7.5,122.2
1989-03-19,10.98,7.5,122.2
1989-03-26,11.22,7.5,122.2
1989-04-02,11.19,7.5,122.2
1989-04-03,11.19,7.4,123.1
1989-04-09,11.07,7.4,123.1
1989-04-16,11.11,7.4,123.1
1989-04-23,10.99,7.4,123.1
1989-04-30,11.03,7.4,123.1
1989-05-03,11.03,7.4,123.7
1989-05-07,10.97,7.4,123.7
1989-05-14,10.93,7.4,123.7
1989-05-21,10.69,7.4,123.7
1989-05-28,10.5,7.4,123.7
1989-06-03,10.5,7.4,124.1
1989-06-04,10.48,7.4,124.1
1989-06-11,10.2,7.4,124.1
1989-06-18,10.04,7.4,124.1
1989-06-25,10.19,7.4,124.1
1989-07-02,10.07,7.4,124.1
1989-07-03,10.07,7.6,124.5
1989-07-09,10.03,7.6,124.5
1989-07-16,9.82,7.6,124.5
1989-07-23,9.87,7.6,124.5
1989-07-30,9.81,7.6,124.5
1989-08-03,9.81,7.6,124.5
1989-08-06,9.68,7.6,124.5
1989-08-13,9.96,7.6,124.5
1989-08-20,10.09,7.6,124.5
1989-08-27,10.21,7.6,124.5
1989-09-03,10.22,7.6,124.8
1989-09-10,10.17,7.6,124.8
1989-09-17,10.05,7.6,124.8
1989-09-24,10.03,7.6,124.8
1989-10-01,10.16,7.6,124.8
1989-10-03,10.16,7.1,125.4
1989-10-08,10.1,7.1,125.4
1989-10-15,9.95,7.1,125.4
1989-10-22,9.92,7.1,125.4
1989-10-29,9.82,7.1,125.4
1989-11-03,9.82,7.1,125.9
1989-11-05,9.82,7.1,125.9
1989-11-12,9.79,7.1,125.9
1989-11-19,9.72,7.1,125.9
1989-11-26,9.74,7.1,125.9
1989-12-03,9.74,7.1,126.3
1989-12-10,9.76,7.1,126.3
1989-12-17,9.75,7.1,126.3
1989-12-24,9.69,7.1,126.3
1989-12-31,9.78,7.1,126.3
1990-01-03,9.78,7.5,127.5
1990-01-07,9.83,7.5,127.5
1990-01-14,9.8,7.5,127.5
1990-01-21,9.9,7.5,127.5
1990-01-28,10.05,7.5,127.5
1990-02-03,10.05,7.5,128.0
1990-02-04,10.17,7.5,128.0
1990-02-11,10.21,7.5,128.0
1990-02-18,10.1,7.5,128.0
1990-02-25,10.31,7.5,128.0
1990-03-03,10.31,7.5,128.6
1990-03-04,10.23,7.5,128.6
1990-03-11,10.29,7.5,128.6
1990-03-18,10.34,7.5,128.6
1990-03-25,10.26,7.5,128.6
1990-04-01,10.22,7.5,128.6
1990-04-03,10.22,7.0,128.9
1990-04-08,10.26,7.0,128.9
1990-04-15,10.25,7.0,128.9
1990-04-22,10.41,7.0,128.9
1990-04-29,10.56,7.0,128.9
1990-05-03,10.56,7.0,129.1
1990-05-06,10.67,7.0,129.1
1990-05-13,10.54,7.0,129.1
1990-05-20,10.37,7.0,129.1
1990-05-27,10.33,7.0,129.1
1990-06-03,10.29,7.0,129.9
1990-06-10,10.1,7.0,129.9
1990-06-17,10.12,7.0,129.9
1990-06-24,10.16,7.0,129.9
1990-07-01,10.15,7.0,129.9
1990-07-03,10.15,7.2,130.5
1990-07-08,10.06,7.2,130.5
1990-07-15,10.11,7.2,130.5
1990-07-22,9.99,7.2,130.5
1990-07-29,9.98,7.2,130.5
1990-08-03,9.98,7.2,131.6
1990-08-05,9.84,7.2,131.6
1990-08-12,10.08,7.2,131.6
1990-08-19,10.05,7.2,131.6
1990-08-26,10.29,7.2,131.6
1990-09-02,10.24,7.2,131.6
1990-09-03,10.24,7.2,132.5
1990-09-09,10.19,7.2,132.5
1990-09-16,10.13,7.2,132.5
1990-09-23,10.16,7.2,132.5
1990-09-30,10.22,7.2,132.5
1990-10-03,10.22,7.2,133.4
1990-10-07,10.08,7.2,133.4
1990-10-14,10.22,7.2,133.4
1990-10-21,10.24,7.2,133.4
1990-10-28,10.17,7.2,133.4
1990-11-03,10.17,7.2,133.7
1990-11-04,10.13,7.2,133.7
1990-11-11,10.09,7.2,133.7
1990-11-18,10.02,7.2,133.7
1990-11-25,9.93,7.2,133.7
1990-12-02,9.9,7.2,133.7
1990-12-03,9.9,7.2,134.2
1990-12-09,9.81,7.2,134.2
1990-12-16,9.56,7.2,134.2
1990-12-23,9.64,7.2,134.2
1990-12-30,9.68,7.2,134.2
1991-01-03,9.68,7.5,134.7
1991-01-06,9.56,7.5,134.7
1991-01-13,9.63,7.5,134.7
1991-01-20,9.75,7.5,134.7
1991-01-27,9.61,7.5,134.7
1991-02-03,9.56,7.5,134.8
1991-02-10,9.36,7.5,134.8
1991-02-17,9.25,7.5,134.8
1991-02-24,9.29,7.5,134.8
1991-03-03,9.4,7.5,134.8
1991-03-10,9.49,7.5,134.8
1991-03-17,9.5,7.5,134.8
1991-03-24,9.59,7.5,134.8
1991-03-31,9.52,7.5,134.8
1991-04-03,9.52,7.3,135.1
1991-04-07,9.49,7.3,135.1
1991-04-14,9.48,7.3,135.1
1991-04-21,9.47,7.3,135.1
1991-04-28,9.53,7.3,135.1
1991-05-03,9.53,7.3,135.6
1991-05-05,9.47,7.3,135.6
1991-05-12,9.47,7.3,135.6
1991-05-19,9.5,7.3,135.6
1991-05-26,9.47,7.3,135.6
1991-06-02,9.45,7.3,135.6
1991-06-03,9.45,7.3,136.0
1991-06-09,9.48,7.3,136.0
1991-06-16,9.66,7.3,136.0
1991-06-23,9.65,7.3,136.0
1991-06-30,9.67,7.3,136.0
1991-07-03,9.67,7.6,136.2
1991-07-07,9.62,7.6,136.2
1991-07-14,9.64,7.6,136.2
1991-07-21,9.54,7.6,136.2
1991-07-28,9.5,7.6,136.2
1991-08-03,9.5,7.6,136.6
1991-08-04,9.44,7.6,136.6
1991-08-11,9.27,7.6,136.6
1991-08-18,9.19,7.6,136.6
1991-08-25,9.17,7.6,136.6
1991-09-01,9.15,7.6,136.6
1991-09-03,9.15,7.6,137.0
1991-09-08,9.14,7.6,137.0
1991-09-15,9.02,7.6,137.0
1991-09-22,8.95,7.6,137.0
1991-09-29,8.92,7.6,137.0
1991-10-03,8.92,7.3,137.2
1991-10-06,8.87,7.3,137.2
1991-10-13,8.82,7.3,137.2
1991-10-20,8.82,7.3,137.2
1991-10-27,8.91,7.3,137.2
1991-11-03,8.78,7.3,137.8
1991-11-10,8.76,7.3,137.8
1991-11-17,8.69,7.3,137.8
1991-11-24,8.63,7.3,137.8
1991-12-01,8.7,7.3,137.8
1991-12-03,8.7,7.3,138.2
1991-12-08,8.62,7.3,138.2
1991-12-15,8.53,7.3,138.2
1991-12-22,8.49,7.3,138.2
1991-12-29,8.35,7.3,138.2
1992-01-03,8.35,7.4,138.3
1992-01-05,8.24,7.4,138.3
1992-01-12,8.23,7.4,138.3
1992-01-19,8.45,7.4,138.3
1992-01-26,8.56,7.4,138.3
1992-02-02,8.68,7.4,138.3
1992-02-03,8.68,7.4,138.6
1992-02-09,8.67,7.4,138.6
1992-02-16,8.73,7.4,138.6
1992-02-23,8.82,7.4,138.6
1992-03-01,8.83,7.4,138.6
1992-03-03,8.83,7.4,139.1
1992-03-08,8.85,7.4,139.1
1992-03-15,8.88,7.4,139.1
1992-03-22,9.03,7.4,139.1
1992-03-29,8.98,7.4,139.1
1992-04-03,8.98,7.7,139.4
1992-04-05,8.96,7.7,139.4
1992-04-12,8.84,7.7,139.4
1992-04-19,8.76,7.7,139.4
1992-04-26,8.85,7.7,139.4
1992-05-03,8.84,7.7,139.7
1992-05-10,8.75,7.7,139.7
1992-05-17,8.64,7.7,139.7
1992-05-24,8.53,7.7,139.7
1992-05-31,8.6,7.7,139.7
1992-06-03,8.6,7.7,140.1
1992-06-07,8.59,7.7,140.1
1992-06-14,8.54,7.7,140.1
1992-06-21,8.48,7.7,140.1
1992-06-28,8.43,7.7,140.1
1992-07-03,8.43,7.3,140.5
1992-07-05,8.29,7.3,140.5
1992-07-12,8.13,7.3,140.5
1992-07-19,8.09,7.3,140.5
1992-07-26,8.08,7.3,140.5
1992-08-02,8.05,7.3,140.5
1992-08-03,8.05,7.3,140.8
1992-08-09,8.06,7.3,140.8
1992-08-16,7.96,7.3,140.8
1992-08-23,7.87,7.3,140.8
1992-08-30,8.01,7.3,140.8
1992-09-03,8.01,7.3,141.1
1992-09-06,7.94,7.3,141.1
1992-09-13,7.84,7.3,141.1
1992-09-20,7.89,7.3,141.1
1992-09-26,8.02,7.3,141.1
1992-10-03,8.02,7.1,141.7
1992-10-04,7.93,7.1,141.7
1992-10-11,8.01,7.1,141.7
1992-10-18,8.06,7.1,141.7
1992-10-25,8.23,7.1,141.7
1992-11-01,8.21,7.1,141.7
1992-11-03,8.21,7.1,142.1
1992-11-08,8.29,7.1,142.1
1992-11-15,8.32,7.1,142.1
1992-11-22,8.32,7.1,142.1
1992-11-29,8.29,7.1,142.1
1992-12-03,8.29,7.1,142.3
1992-12-06,8.34,7.1,142.3
1992-12-13,8.23,7.1,142.3
1992-12-20,8.19,7.1,142.3
1992-12-27,8.13,7.1,142.3
1993-01-02,8.14,7.1,142.3
1993-01-03,8.14,7.8,142.8
1993-01-10,8.07,7.8,142.8
1993-01-17,8.04,7.8,142.8
1993-01-24,8.0,7.8,142.8
1993-01-31,7.86,7.8,142.8
1993-02-03,7.86,7.8,143.1
1993-02-07,7.8,7.8,143.1
1993-02-14,7.75,7.8,143.1
1993-02-21,7.65,7.8,143.1
1993-02-28,7.53,7.8,143.1
1993-03-03,7.53,7.8,143.3
1993-03-07,7.44,7.8,143.3
1993-03-14,7.47,7.8,143.3
1993-03-21,7.57,7.8,143.3
1993-03-28,7.5,7.8,143.3
1993-04-03,7.5,7.6,143.8
1993-04-04,7.53,7.6,143.8
1993-04-11,7.57,7.6,143.8
1993-04-18,7.45,7.6,143.8
1993-04-25,7.38,7.6,143.8
1993-05-02,7.43,7.6,143.8
1993-05-03,7.43,7.6,144.2
1993-05-09,7.42,7.6,144.2
1993-05-16,7.42,7.6,144.2
1993-05-23,7.52,7.6,144.2
1993-05-30,7.5,7.6,144.2
1993-06-03,7.5,7.6,144.3
1993-06-06,7.47,7.6,144.3
1993-06-13,7.48,7.6,144.3
1993-06-20,7.38,7.6,144.3
1993-06-27,7.34,7.6,144.3
1993-07-03,7.34,7.0,144.5
1993-07-04,7.23,7.0,144.5
1993-07-11,7.19,7.0,144.5
1993-07-18,7.16,7.0,144.5
1993-07-25,7.2,7.0,144.5
1993-08-01,7.25,7.0,144.5
1993-08-03,7.25,7.0,144.8
1993-08-08,7.21,7.0,144.8
1993-08-15,7.17,7.0,144.8
1993-08-22,7.1,7.0,144.8
1993-08-29,6.97,7.0,144.8
1993-09-03,6.97,7.0,145.0
1993-09-05,6.93,7.0,145.0
1993-09-12,6.82,7.0,145.0
1993-09-19,6.96,7.0,145.0
1993-09-26,6.95,7.0,145.0
1993-10-03,6.89,6.9,145.6
1993-10-10,6.87,6.9,145.6
1993-10-17,6.81,6.9,145.6
1993-10-24,6.74,6.9,145.6
1993-10-31,6.86,6.9,145.6
1993-11-03,6.86,6.9,146.0
1993-11-07,7.11,6.9,146.0
1993-11-14,7.12,6.9,146.0
1993-11-21,7.08,6.9,146.0
1993-11-28,7.31,6.9,146.0
1993-12-03,7.31,6.9,146.3
1993-12-06,7.25,6.9,146.3
1993-12-12,7.14,6.9,146.3
1993-12-19,7.17,6.9,146.3
1993-12-26,7.17,6.9,146.3
1994-01-02,7.13,6.9,146.3
1994-01-03,7.13,7.5,146.3
1994-01-09,7.23,7.5,146.3
1994-01-16,6.99,7.5,146.3
1994-01-23,7.05,7.5,146.3
1994-01-30,6.97,7.5,146.3
1994-02-03,6.97,7.5,146.7
1994-02-06,6.97,7.5,146.7
1994-02-13,7.21,7.5,146.7
1994-02-20,7.11,7.5,146.7
1994-02-27,7.32,7.5,146.7
1994-03-03,7.32,7.5,147.1
1994-03-06,7.51,7.5,147.1
1994-03-13,7.63,7.5,147.1
1994-03-20,7.76,7.5,147.1
1994-03-27,7.8,7.5,147.1
1994-04-03,8.04,7.4,147.2
1994-04-10,8.47,7.4,147.2
1994-04-17,8.26,7.4,147.2
1994-04-24,8.49,7.4,147.2
1994-05-01,8.32,7.4,147.2
1994-05-03,8.32,7.4,147.5
1994-05-08,8.53,7.4,147.5
1994-05-15,8.77,7.4,147.5
1994-05-22,8.56,7.4,147.5
1994-05-29,8.53,7.4,147.5
1994-06-03,8.53,7.4,147.9
1994-06-05,8.55,7.4,147.9
1994-06-12,8.25,7.4,147.9
1994-06-19,8.33,7.4,147.9
1994-06-26,8.46,7.4,147.9
1994-07-03,8.57,7.2,148.4
1994-07-10,8.68,7.2,148.4
1994-07-17,8.72,7.2,148.4
1994-07-24,8.53,7.2,148.4
1994-07-31,8.57,7.2,148.4
1994-08-03,8.57,7.2,149.0
1994-08-07,8.38,7.2,149.0
1994-08-14,8.57,7.2,149.0
1994-08-21,8.54,7.2,149.0
1994-08-28,8.56,7.2,149.0
1994-09-03,8.56,7.2,149.3
1994-09-04,8.48,7.2,149.3
1994-09-11,8.51,7.2,149.3
1994-09-18,8.66,7.2,149.3
1994-09-25,8.73,7.2,149.3
1994-10-02,8.82,7.2,149.3
1994-10-03,8.82,7.4,149.4
1994-10-09,8.89,7.4,149.4
1994-10-16,8.93,7.4,149.4
1994-10-23,8.85,7.4,149.4
1994-10-30,9.03,7.4,149.4
1994-11-03,9.03,7.4,149.8
1994-11-06,9.05,7.4,149.8
1994-11-13,9.19,7.4,149.8
1994-11-20,9.19,7.4,149.8
1994-11-27,9.25,7.4,149.8
1994-12-03,9.25,7.4,150.1
1994-12-04,9.23,7.4,150.1
1994-12-11,9.15,7.4,150.1
1994-12-18,9.25,7.4,150.1
1994-12-25,9.18,7.4,150.1
1995-01-01,9.18,7.4,150.1
1995-01-03,9.18,7.4,150.5
1995-01-08,9.22,7.4,150.5
1995-01-15,9.19,7.4,150.5
1995-01-22,9.05,7.4,150.5
1995-01-29,9.13,7.4,150.5
1995-02-03,9.13,7.4,150.9
1995-02-05,8.94,7.4,150.9
1995-02-12,8.8,7.4,150.9
1995-02-19,8.84,7.4,150.9
1995-02-26,8.73,7.4,150.9
1995-03-03,8.73,7.4,151.2
1995-03-05,8.53,7.4,151.2
1995-03-12,8.62,7.4,151.2
1995-03-19,8.38,7.4,151.2
1995-03-26,8.4,7.4,151.2
1995-04-02,8.38,7.4,151.2
1995-04-03,8.38,7.7,151.8
1995-04-09,8.41,7.7,151.8
1995-04-16,8.37,7.7,151.8
1995-04-23,8.24,7.7,151.8
1995-04-30,8.26,7.7,151.8
1995-05-03,8.26,7.7,152.1
1995-05-07,8.27,7.7,152.1
1995-05-14,7.87,7.7,152.1
1995-05-21,7.83,7.7,152.1
1995-05-28,7.85,7.7,152.1
1995-06-03,7.85,7.7,152.4
1995-06-04,7.71,7.7,152.4
1995-06-11,7.51,7.7,152.4
1995-06-18,7.55,7.7,152.4
1995-06-25,7.53,7.7,152.4
1995-07-02,7.53,7.7,152.4
1995-07-03,7.53,7.7,152.6
1995-07-09,7.63,7.7,152.6
1995-07-16,7.41,7.7,152.6
1995-07-23,7.6,7.7,152.6
1995-07-30,7.79,7.7,152.6
1995-08-03,7.79,7.7,152.9
1995-08-06,7.82,7.7,152.9
1995-08-13,7.8,7.7,152.9
1995-08-20,7.94,7.7,152.9
1995-08-27,7.88,7.7,152.9
1995-09-03,7.76,7.7,153.1
1995-09-10,7.63,7.7,153.1
1995-09-17,7.6,7.7,153.1
1995-09-24,7.57,7.7,153.1
1995-10-01,7.62,7.7,153.1
1995-10-03,7.62,7.7,153.5
1995-10-08,7.57,7.7,153.5
1995-10-15,7.5,7.7,153.5
1995-10-22,7.38,7.7,153.5
1995-10-29,7.45,7.7,153.5
1995-11-03,7.45,7.7,153.7
1995-11-05,7.44,7.7,153.7
1995-11-11,7.37,7.7,153.7
1995-11-19,7.35,7.7,153.7
1995-11-26,7.35,7.7,153.7
1995-12-03,7.33,7.7,153.9
1995-12-10,7.18,7.7,153.9
1995-12-17,7.15,7.7,153.9
1995-12-24,7.23,7.7,153.9
1995-12-31,7.11,7.7,153.9
1996-01-03,7.11,7.9,154.7
1996-01-07,7.02,7.9,154.7
1996-01-14,7.08,7.9,154.7
1996-01-21,7.02,7.9,154.7
1996-01-28,7.0,7.9,154.7
1996-02-03,7.0,7.9,155.0
1996-02-04,7.02,7.9,155.0
1996-02-11,7.02,7.9,155.0
1996-02-18,6.94,7.9,155.0
1996-02-25,7.32,7.9,155.0
1996-03-03,7.41,7.9,155.5
1996-03-10,7.38,7.9,155.5
1996-03-17,7.83,7.9,155.5
1996-03-24,7.81,7.9,155.5
1996-03-31,7.69,7.9,155.5
1996-04-03,7.69,7.8,156.1
1996-04-07,7.78,7.8,156.1
1996-04-14,8.05,7.8,156.1
1996-04-21,7.95,7.8,156.1
1996-04-28,7.92,7.8,156.1
1996-05-03,7.92,7.8,156.4
1996-05-05,7.99,7.8,156.4
1996-05-12,8.24,7.8,156.4
1996-05-19,8.08,7.8,156.4
1996-05-26,8.01,7.8,156.4
1996-06-02,8.03,7.8,156.4
1996-06-03,8.03,7.8,156.7
1996-06-09,8.3,7.8,156.7
1996-06-16,8.39,7.8,156.7
1996-06-23,8.3,7.8,156.7
1996-06-30,8.29,7.8,156.7
1996-07-03,8.29,8.0,157.0
1996-07-07,8.14,8.0,157.0
1996-07-14,8.42,8.0,157.0
1996-07-21,8.23,8.0,157.0
1996-07-28,8.19,8.0,157.0
1996-08-03,8.19,8.0,157.2
1996-08-04,8.23,8.0,157.2
1996-08-11,7.88,8.0,157.2
1996-08-18,7.88,8.0,157.2
1996-08-25,7.93,8.0,157.2
1996-09-01,8.09,8.0,157.2
1996-09-03,8.09,8.0,157.7
1996-09-08,8.34,8.0,157.7
1996-09-15,8.28,8.0,157.7
1996-09-22,8.14,8.0,157.7
1996-09-29,8.16,8.0,157.7
1996-10-03,8.16,7.7,158.2
1996-10-06,8.06,7.7,158.2
1996-10-13,7.86,7.7,158.2
1996-10-20,7.88,7.7,158.2
1996-10-27,7.86,7.7,158.2
1996-11-03,7.78,7.7,158.7
1996-11-10,7.67,7.7,158.7
1996-11-17,7.59,7.7,158.7
1996-11-24,7.53,7.7,158.7
1996-12-01,7.52,7.7,158.7
1996-12-03,7.52,7.7,159.1
1996-12-08,7.44,7.7,159.1
1996-12-15,7.57,7.7,159.1
1996-12-22,7.74,7.7,159.1
1996-12-29,7.64,7.7,159.1
1997-01-03,7.64,7.5,159.4
1997-01-05,7.67,7.5,159.4
1997-01-12,7.85,7.5,159.4
1997-01-19,7.87,7.5,159.4
1997-01-26,7.85,7.5,159.4
1997-02-02,7.88,7.5,159.4
1997-02-03,7.88,7.5,159.7
1997-02-09,7.74,7.5,159.7
1997-02-16,7.65,7.5,159.7
1997-02-23,7.56,7.5,159.7
1997-03-02,7.65,7.5,159.7
1997-03-03,7.65,7.5,159.8
1997-03-09,7.84,7.5,159.8
1997-03-16,7.84,7.5,159.8
1997-03-23,7.94,7.5,159.8
1997-03-30,7.97,7.5,159.8
1997-04-03,7.97,7.9,159.9
1997-04-06,8.18,7.9,159.9
1997-04-13,8.15,7.9,159.9
1997-04-20,8.16,7.9,159.9
1997-04-27,8.08,7.9,159.9
1997-05-03,8.08,7.9,159.9
1997-05-04,8.01,7.9,159.9
1997-05-11,7.94,7.9,159.9
1997-05-18,7.91,7.9,159.9
1997-05-25,7.92,7.9,159.9
1997-06-01,7.94,7.9,159.9
1997-06-03,7.94,7.9,160.2
1997-06-08,7.85,7.9,160.2
1997-06-15,7.72,7.9,160.2
1997-06-22,7.61,7.9,160.2
1997-06-29,7.58,7.9,160.2
1997-07-03,7.58,7.9,160.4
1997-07-06,7.62,7.9,160.4
1997-07-13,7.47,7.9,160.4
1997-07-20,7.47,7.9,160.4
1997-07-27,7.43,7.9,160.4
1997-08-03,7.36,7.9,160.8
1997-08-10,7.46,7.9,160.8
1997-08-17,7.54,7.9,160.8
1997-08-24,7.46,7.9,160.8
1997-08-31,7.58,7.9,160.8
1997-09-03,7.58,7.9,161.2
1997-09-07,7.53,7.9,161.2
1997-09-14,7.53,7.9,161.2
1997-09-21,7.38,7.9,161.2
1997-09-28,7.28,7.9,161.2
1997-10-03,7.28,7.7,161.5
1997-10-05,7.31,7.7,161.5
1997-10-12,7.26,7.7,161.5
1997-10-19,7.34,7.7,161.5
1997-10-26,7.35,7.7,161.5
1997-11-02,7.21,7.7,161.5
1997-11-03,7.21,7.7,161.7
1997-11-09,7.24,7.7,161.7
1997-11-16,7.23,7.7,161.7
1997-11-23,7.18,7.7,161.7
1997-11-30,7.17,7.7,161.7
1997-12-03,7.17,7.7,161.8
1997-12-07,7.15,7.7,161.8
1997-12-14,7.17,7.7,161.8
1997-12-21,7.07,7.7,161.8
1997-12-28,6.99,7.7,161.8
1998-01-03,6.99,7.7,162.0
1998-01-04,7.03,7.7,162.0
1998-01-11,6.94,7.7,162.0
1998-01-18,6.89,7.7,162.0
1998-01-25,6.99,7.7,162.0
1998-02-01,7.12,7.7,162.0
1998-02-03,7.12,7.7,162.0
1998-02-08,7.03,7.7,162.0
1998-02-15,7.06,7.7,162.0
1998-02-22,6.99,7.7,162.0
1998-03-02,7.09,7.7,162.0
1998-03-03,7.09,7.7,162.0
1998-03-08,7.19,7.7,162.0
1998-03-15,7.16,7.7,162.0
1998-03-22,7.08,7.7,162.0
1998-03-29,7.08,7.7,162.0
1998-04-03,7.08,8.0,162.2
1998-04-05,7.15,8.0,162.2
1998-04-12,7.09,8.0,162.2
1998-04-19,7.17,8.0,162.2
1998-04-26,7.15,8.0,162.2
1998-05-03,7.22,8.0,162.6
1998-05-10,7.14,8.0,162.6
1998-05-17,7.19,8.0,162.6
1998-05-24,7.1,8.0,162.6
1998-05-31,7.07,8.0,162.6
1998-06-03,7.07,8.0,162.8
1998-06-07,7.05,8.0,162.8
1998-06-14,7.04,8.0,162.8
1998-06-21,6.94,8.0,162.8
1998-06-28,6.96,8.0,162.8
1998-07-03,6.96,8.2,163.2
1998-07-05,6.98,8.2,163.2
1998-07-12,6.91,8.2,163.2
1998-07-19,6.94,8.2,163.2
1998-07-26,6.96,8.2,163.2
1998-08-02,6.97,8.2,163.2
1998-08-03,6.97,8.2,163.4
1998-08-09,6.94,8.2,163.4
1998-08-16,6.91,8.2,163.4
1998-08-23,6.92,8.2,163.4
1998-08-30,6.92,8.2,163.4
1998-09-03,6.92,8.2,163.5
1998-09-06,6.82,8.2,163.5
1998-09-13,6.77,8.2,163.5
1998-09-20,6.66,8.2,163.5
1998-09-27,6.64,8.2,163.5
1998-10-03,6.64,7.8,163.9
1998-10-04,6.6,7.8,163.9
1998-10-11,6.49,7.8,163.9
1998-10-18,6.9,7.8,163.9
1998-10-25,6.73,7.8,163.9
1998-11-01,6.83,7.8,163.9
1998-11-03,6.83,7.8,164.1
1998-11-08,6.89,7.8,164.1
1998-11-15,6.93,7.8,164.1
1998-11-22,6.86,7.8,164.1
1998-11-29,6.78,7.8,164.1
1998-12-03,6.78,7.8,164.4
1998-12-06,6.71,7.8,164.4
1998-12-13,6.69,7.8,164.4
1998-12-20,6.69,7.8,164.4
1998-12-27,6.77,7.8,164.4
1999-01-02,6.83,7.8,164.4
1999-01-03,6.83,8.2,164.7
1999-01-10,6.79,8.2,164.7
1999-01-17,6.83,8.2,164.7
1999-01-24,6.78,8.2,164.7
1999-01-31,6.74,8.2,164.7
1999-02-03,6.74,8.2,164.7
1999-02-07,6.75,8.2,164.7
1999-02-14,6.77,8.2,164.7
1999-02-21,6.82,8.2,164.7
1999-02-28,6.89,8.2,164.7
1999-03-03,6.89,8.2,164.8
1999-03-07,7.06,8.2,164.8
1999-03-14,7.11,8.2,164.8
1999-03-21,7.01,8.2,164.8
1999-03-28,6.98,8.2,164.8
1999-04-03,6.98,8.1,165.9
1999-04-04,6.98,8.1,165.9
1999-04-11,6.92,8.1,165.9
1999-04-18,6.87,8.1,165.9
1999-04-25,6.88,8.1,165.9
1999-05-02,6.93,8.1,165.9
1999-05-03,6.93,8.1,166.0
1999-05-09,7.02,8.1,166.0
1999-05-16,7.1,8.1,166.0
1999-05-23,7.23,8.1,166.0
1999-05-30,7.23,8.1,166.0
1999-06-03,7.23,8.1,166.0
1999-06-06,7.41,8.1,166.0
1999-06-13,7.51,8.1,166.0
1999-06-20,7.65,8.1,166.0
1999-06-27,7.63,8.1,166.0
1999-07-03,7.63,8.2,166.7
1999-07-04,7.71,8.2,166.7
1999-07-11,7.65,8.2,166.7
1999-07-18,7.58,8.2,166.7
1999-07-25,7.52,8.2,166.7
1999-08-01,7.7,8.2,166.7
1999-08-03,7.7,8.2,167.1
1999-08-08,7.89,8.2,167.1
1999-08-15,8.15,8.2,167.1
1999-08-22,7.93,8.2,167.1
1999-08-29,7.8,8.2,167.1
1999-09-03,7.8,8.2,167.8
1999-09-05,7.83,8.2,167.8
1999-09-12,7.88,8.2,167.8
1999-09-19,7.82,8.2,167.8
1999-09-26,7.76,8.2,167.8
1999-10-03,7.7,7.9,168.1
1999-10-10,7.82,7.9,168.1
1999-10-17,7.85,7.9,168.1
1999-10-24,7.93,7.9,168.1
1999-10-31,7.96,7.9,168.1
1999-11-03,7.96,7.9,168.4
1999-11-07,7.84,7.9,168.4
1999-11-14,7.67,7.9,168.4
1999-11-21,7.69,7.9,168.4
1999-11-28,7.75,7.9,168.4
1999-12-03,7.75,7.9,168.8
1999-12-05,7.84,7.9,168.8
1999-12-12,7.84,7.9,168.8
1999-12-19,7.86,7.9,168.8
1999-12-26,7.96,7.9,168.8
2000-01-02,8.06,7.9,168.8
2000-01-03,8.06,7.9,169.3
2000-01-09,8.15,7.9,169.3
2000-01-16,8.18,7.9,169.3
2000-01-23,8.26,7.9,169.3
2000-01-30,8.25,7.9,169.3
2000-02-03,8.25,7.9,170.0
2000-02-06,8.25,7.9,170.0
2000-02-13,8.36,7.9,170.0
2000-02-20,8.38,7.9,170.0
2000-02-27,8.31,7.9,170.0
2000-03-03,8.31,7.9,171.0
2000-03-05,8.27,7.9,171.0
2000-03-12,8.23,7.9,171.0
2000-03-19,8.24,7.9,171.0
2000-03-26,8.23,7.9,171.0
2000-04-02,8.23,7.9,171.0
2000-04-03,8.23,8.0,170.9
2000-04-09,8.2,8.0,170.9
2000-04-16,8.12,8.0,170.9
2000-04-23,8.16,8.0,170.9
2000-04-30,8.13,8.0,170.9
2000-05-03,8.13,8.0,171.2
2000-05-07,8.28,8.0,171.2
2000-05-14,8.52,8.0,171.2
2000-05-21,8.64,8.0,171.2
2000-05-28,8.62,8.0,171.2
2000-06-03,8.62,8.0,172.2
2000-06-04,8.54,8.0,172.2
2000-06-11,8.32,8.0,172.2
2000-06-18,8.22,8.0,172.2
2000-06-25,8.14,8.0,172.2
2000-07-02,8.22,8.0,172.2
2000-07-03,8.22,8.2,172.7
2000-07-09,8.16,8.2,172.7
2000-07-16,8.09,8.2,172.7
2000-07-23,8.21,8.2,172.7
2000-07-30,8.13,8.2,172.7
2000-08-03,8.13,8.2,172.7
2000-08-06,8.12,8.2,172.7
2000-08-13,8.04,8.2,172.7
2000-08-20,7.96,8.2,172.7
2000-08-27,7.99,8.2,172.7
2000-09-03,7.96,8.2,173.6
2000-09-10,7.94,8.2,173.6
2000-09-17,7.88,8.2,173.6
2000-09-24,7.9,8.2,173.6
2000-10-01,7.88,8.2,173.6
2000-10-03,7.88,7.8,173.9
2000-10-08,7.83,7.8,173.9
2000-10-15,7.84,7.8,173.9
2000-10-22,7.83,7.8,173.9
2000-10-29,7.68,7.8,173.9
2000-11-03,7.68,7.8,174.2
2000-11-05,7.73,7.8,174.2
2000-11-12,7.79,7.8,174.2
2000-11-19,7.73,7.8,174.2
2000-11-26,7.73,7.8,174.2
2000-12-03,7.65,7.8,174.6
2000-12-10,7.54,7.8,174.6
2000-12-17,7.42,7.8,174.6
2000-12-24,7.17,7.8,174.6
2000-12-31,7.13,7.8,174.6
2001-01-03,7.13,8.2,175.6
2001-01-07,7.07,8.2,175.6
2001-01-14,6.89,8.2,175.6
2001-01-21,7.02,8.2,175.6
2001-01-28,7.15,8.2,175.6
2001-02-03,7.15,8.2,176.0
2001-02-04,7.09,8.2,176.0
2001-02-11,6.98,8.2,176.0
2001-02-18,7.01,8.2,176.0
2001-02-25,7.12,8.2,176.0
2001-03-03,7.12,8.2,176.1
2001-03-04,7.03,8.2,176.1
2001-03-11,6.97,8.2,176.1
2001-03-18,6.96,8.2,176.1
2001-03-25,6.89,8.2,176.1
2001-04-01,6.91,8.2,176.1
2001-04-03,6.91,8.3,176.4
2001-04-08,7.01,8.3,176.4
2001-04-15,7.04,8.3,176.4
2001-04-22,7.14,8.3,176.4
2001-04-29,7.12,8.3,176.4
2001-05-03,7.12,8.3,177.3
2001-05-06,7.14,8.3,177.3
2001-05-13,7.1,8.3,177.3
2001-05-20,7.14,8.3,177.3
2001-05-27,7.2,8.3,177.3
2001-06-03,7.24,8.3,177.7
2001-06-10,7.2,8.3,177.7
2001-06-17,7.14,8.3,177.7
2001-06-24,7.11,8.3,177.7
2001-07-01,7.11,8.3,177.7
2001-07-03,7.11,8.4,177.4
2001-07-08,7.19,8.4,177.4
2001-07-15,7.21,8.4,177.4
2001-07-22,7.08,8.4,177.4
2001-07-29,7.03,8.4,177.4
2001-08-03,7.03,8.4,177.4
2001-08-05,7.0,8.4,177.4
2001-08-12,7.0,8.4,177.4
2001-08-19,6.92,8.4,177.4
2001-08-26,6.91,8.4,177.4
2001-09-02,6.92,8.4,177.4
2001-09-03,6.92,8.4,178.1
2001-09-09,6.89,8.4,178.1
2001-09-16,6.86,8.4,178.1
2001-09-23,6.8,8.4,178.1
2001-09-30,6.72,8.4,178.1
2001-10-03,6.72,8.8,177.6
2001-10-07,6.64,8.8,177.6
2001-10-14,6.58,8.8,177.6
2001-10-21,6.61,8.8,177.6
2001-10-28,6.64,8.8,177.6
2001-11-03,6.64,8.8,177.5
2001-11-04,6.56,8.8,177.5
2001-11-11,6.45,8.8,177.5
2001-11-18,6.51,8.8,177.5
2001-11-25,6.75,8.8,177.5
2001-12-02,7.02,8.8,177.5
2001-12-03,7.02,8.8,177.4
2001-12-09,6.84,8.8,177.4
2001-12-16,7.09,8.8,177.4
2001-12-23,7.17,8.8,177.4
2001-12-30,7.16,8.8,177.4
2002-01-03,7.16,9.1,177.7
2002-01-06,7.14,9.1,177.7
2002-01-13,7.06,9.1,177.7
2002-01-20,6.83,9.1,177.7
2002-01-27,6.96,9.1,177.7
2002-02-03,7.02,9.1,178.0
2002-02-10,6.88,9.1,178.0
2002-02-17,6.86,9.1,178.0
2002-02-24,6.81,9.1,178.0
2002-03-03,6.8,9.1,178.5
2002-03-10,6.87,9.1,178.5
2002-03-17,7.08,9.1,178.5
2002-03-24,7.14,9.1,178.5
2002-03-31,7.18,9.1,178.5
2002-04-03,7.18,8.4,179.3
2002-04-07,7.13,8.4,179.3
2002-04-14,6.99,8.4,179.3
2002-04-21,6.94,8.4,179.3
2002-04-28,6.88,8.4,179.3
2002-05-03,6.88,8.4,179.5
2002-05-05,6.78,8.4,179.5
2002-05-12,6.79,8.4,179.5
2002-05-19,6.89,8.4,179.5
2002-05-26,6.81,8.4,179.5
2002-06-02,6.76,8.4,179.5
2002-06-03,6.76,8.4,179.6
2002-06-09,6.71,8.4,179.6
2002-06-16,6.71,8.4,179.6
2002-06-23,6.63,8.4,179.6
2002-06-30,6.55,8.4,179.6
2002-07-03,6.55,9.0,180.0
2002-07-07,6.57,9.0,180.0
2002-07-14,6.54,9.0,180.0
2002-07-21,6.49,9.0,180.0
2002-07-28,6.34,9.0,180.0
2002-08-03,6.34,9.0,180.5
2002-08-04,6.43,9.0,180.5
2002-08-11,6.31,9.0,180.5
2002-08-18,6.22,9.0,180.5
2002-08-25,6.27,9.0,180.5
2002-09-01,6.22,9.0,180.5
2002-09-03,6.22,9.0,180.8
2002-09-08,6.15,9.0,180.8
2002-09-15,6.18,9.0,180.8
2002-09-22,6.05,9.0,180.8
2002-09-29,5.99,9.0,180.8
2002-10-03,5.99,9.3,181.2
2002-10-06,6.01,9.3,181.2
2002-10-13,5.98,9.3,181.2
2002-10-20,6.15,9.3,181.2
2002-10-27,6.31,9.3,181.2
2002-11-03,6.13,9.3,181.5
2002-11-10,6.11,9.3,181.5
2002-11-17,5.94,9.3,181.5
2002-11-24,6.03,9.3,181.5
2002-12-01,6.13,9.3,181.5
2002-12-03,6.13,9.3,181.8
2002-12-08,6.19,9.3,181.8
2002-12-15,6.04,9.3,181.8
2002-12-22,6.03,9.3,181.8
2002-12-29,5.93,9.3,181.8
2003-01-03,5.93,9.4,182.6
2003-01-05,5.85,9.4,182.6
2003-01-12,5.95,9.4,182.6
2003-01-19,5.97,9.4,182.6
2003-01-26,5.91,9.4,182.6
2003-02-02,5.9,9.4,182.6
2003-02-03,5.9,9.4,183.6
2003-02-09,5.88,9.4,183.6
2003-02-16,5.86,9.4,183.6
2003-02-23,5.84,9.4,183.6
2003-03-02,5.79,9.4,183.6
2003-03-03,5.79,9.4,183.9
2003-03-09,5.67,9.4,183.9
2003-03-16,5.61,9.4,183.9
2003-03-23,5.79,9.4,183.9
2003-03-30,5.91,9.4,183.9
2003-04-03,5.91,9.6,183.2
2003-04-06,5.79,9.6,183.2
2003-04-13,5.85,9.6,183.2
2003-04-20,5.82,9.6,183.2
2003-04-27,5.79,9.6,183.2
2003-05-03,5.79,9.6,182.9
2003-05-04,5.7,9.6,182.9
2003-05-11,5.62,9.6,182.9
2003-05-18,5.45,9.6,182.9
2003-05-25,5.34,9.6,182.9
2003-06-01,5.31,9.6,182.9
2003-06-03,5.31,9.6,183.1
2003-06-08,5.26,9.6,183.1
2003-06-15,5.21,9.6,183.1
2003-06-22,5.21,9.6,183.1
2003-06-29,5.24,9.6,183.1
2003-07-03,5.24,9.9,183.7
2003-07-06,5.4,9.9,183.7
2003-07-13,5.52,9.9,183.7
2003-07-20,5.67,9.9,183.7
2003-07-27,5.94,9.9,183.7
2003-08-03,6.14,9.9,184.5
2003-08-10,6.34,9.9,184.5
2003-08-17,6.24,9.9,184.5
2003-08-24,6.28,9.9,184.5
2003-08-31,6.32,9.9,184.5
2003-09-03,6.32,9.9,185.1
2003-09-07,6.44,9.9,185.1
2003-09-14,6.16,9.9,185.1
2003-09-21,6.01,9.9,185.1
2003-09-28,5.98,9.9,185.1
2003-10-03,5.98,10.2,184.9
2003-10-05,5.77,10.2,184.9
2003-10-12,5.95,10.2,184.9
2003-10-19,6.05,10.2,184.9
2003-10-26,6.05,10.2,184.9
2003-11-02,5.94,10.2,184.9
2003-11-03,5.94,10.2,185.0
2003-11-09,5.98,10.2,185.0
2003-11-16,6.03,10.2,185.0
2003-11-23,5.83,10.2,185.0
2003-11-30,5.89,10.2,185.0
2003-12-03,5.89,10.2,185.5
2003-12-07,6.02,10.2,185.5
2003-12-14,5.88,10.2,185.5
2003-12-21,5.82,10.2,185.5
2003-12-28,5.81,10.2,185.5
2004-01-02,5.85,10.2,185.5
2004-01-03,5.85,10.4,186.3
2004-01-10,5.87,10.4,186.3
2004-01-17,5.66,10.4,186.3
2004-01-24,5.64,10.4,186.3
2004-01-31,5.68,10.4,186.3
2004-02-03,5.68,10.4,186.7
2004-02-07,5.72,10.4,186.7
2004-02-14,5.66,10.4,186.7
2004-02-21,5.58,10.4,186.7
2004-02-28,5.58,10.4,186.7
2004-03-03,5.58,10.4,187.1
2004-03-06,5.59,10.4,187.1
2004-03-13,5.41,10.4,187.1
2004-03-20,5.38,10.4,187.1
2004-03-27,5.4,10.4,187.1
2004-04-03,5.52,10.2,187.4
2004-04-10,5.79,10.2,187.4
2004-04-17,5.89,10.2,187.4
2004-04-24,5.94,10.2,187.4
2004-05-01,6.01,10.2,187.4
2004-05-03,6.01,10.2,188.2
2004-05-08,6.12,10.2,188.2
2004-05-15,6.34,10.2,188.2
2004-05-22,6.3,10.2,188.2
2004-05-29,6.32,10.2,188.2
2004-06-03,6.32,10.2,188.9
2004-06-05,6.28,10.2,188.9
2004-06-12,6.3,10.2,188.9
2004-06-19,6.32,10.2,188.9
2004-06-26,6.25,10.2,188.9
2004-07-03,6.21,10.1,189.1
2004-07-10,6.01,10.1,189.1
2004-07-17,6.0,10.1,189.1
2004-07-24,5.98,10.1,189.1
2004-07-31,6.08,10.1,189.1
2004-08-03,6.08,10.1,189.2
2004-08-07,5.99,10.1,189.2
2004-08-14,5.85,10.1,189.2
2004-08-21,5.81,10.1,189.2
2004-08-28,5.82,10.1,189.2
2004-09-03,5.82,10.1,189.8
2004-09-04,5.77,10.1,189.8
2004-09-11,5.83,10.1,189.8
2004-09-18,5.75,10.1,189.8
2004-09-25,5.7,10.1,189.8
2004-10-02,5.72,10.1,189.8
2004-10-03,5.72,10.0,190.8
2004-10-09,5.82,10.0,190.8
2004-10-16,5.74,10.0,190.8
2004-10-23,5.69,10.0,190.8
2004-10-30,5.64,10.0,190.8
2004-11-03,5.64,10.0,191.7
2004-11-06,5.7,10.0,191.7
2004-11-13,5.76,10.0,191.7
2004-11-20,5.74,10.0,191.7
2004-11-26,5.72,10.0,191.7
2004-12-03,5.72,10.0,191.7
2004-12-04,5.81,10.0,191.7
2004-12-11,5.71,10.0,191.7
2004-12-18,5.68,10.0,191.7
2004-12-24,5.75,10.0,191.7
2004-12-31,5.81,10.0,191.7
2005-01-03,5.81,10.1,191.6
2005-01-08,5.77,10.1,191.6
2005-01-15,5.74,10.1,191.6
2005-01-22,5.67,10.1,191.6
2005-01-29,5.66,10.1,191.6
2005-02-03,5.66,10.1,192.4
2005-02-05,5.63,10.1,192.4
2005-02-12,5.57,10.1,192.4
2005-02-19,5.62,10.1,192.4
2005-02-26,5.69,10.1,192.4
2005-03-03,5.69,10.1,193.1
2005-03-05,5.79,10.1,193.1
2005-03-12,5.85,10.1,193.1
2005-03-19,5.95,10.1,193.1
2005-03-26,6.01,10.1,193.1
2005-04-02,6.04,10.1,193.1
2005-04-03,6.04,9.8,193.7
2005-04-09,5.93,9.8,193.7
2005-04-16,5.91,9.8,193.7
2005-04-23,5.8,9.8,193.7
2005-04-30,5.78,9.8,193.7
2005-05-03,5.78,9.8,193.6
2005-05-07,5.75,9.8,193.6
2005-05-14,5.77,9.8,193.6
2005-05-21,5.71,9.8,193.6
2005-05-28,5.65,9.8,193.6
2005-06-03,5.65,9.8,193.7
2005-06-04,5.62,9.8,193.7
2005-06-11,5.56,9.8,193.7
2005-06-18,5.63,9.8,193.7
2005-06-25,5.57,9.8,193.7
2005-07-02,5.53,9.8,193.7
2005-07-03,5.53,9.9,194.9
2005-07-09,5.62,9.9,194.9
2005-07-16,5.66,9.9,194.9
2005-07-23,5.73,9.9,194.9
2005-07-30,5.77,9.9,194.9
2005-08-03,5.77,9.9,196.1
2005-08-06,5.82,9.9,196.1
2005-08-13,5.89,9.9,196.1
2005-08-20,5.8,9.9,196.1
2005-08-27,5.77,9.9,196.1
2005-09-03,5.71,9.9,198.8
2005-09-10,5.71,9.9,198.8
2005-09-17,5.74,9.9,198.8
2005-09-24,5.8,9.9,198.8
2005-10-01,5.91,9.9,198.8
2005-10-03,5.91,9.6,199.1
2005-10-08,5.98,9.6,199.1
2005-10-15,6.03,9.6,199.1
2005-10-22,6.1,9.6,199.1
2005-10-29,6.15,9.6,199.1
2005-11-03,6.15,9.6,198.1
2005-11-05,6.31,9.6,198.1
2005-11-12,6.36,9.6,198.1
2005-11-19,6.37,9.6,198.1
2005-11-25,6.28,9.6,198.1
2005-12-03,6.26,9.6,198.1
2005-12-10,6.32,9.6,198.1
2005-12-17,6.3,9.6,198.1
2005-12-24,6.26,9.6,198.1
2005-12-31,6.22,9.6,198.1
2006-01-03,6.22,9.5,199.3
2006-01-07,6.21,9.5,199.3
2006-01-14,6.15,9.5,199.3
2006-01-21,6.1,9.5,199.3
2006-01-28,6.12,9.5,199.3
2006-02-03,6.12,9.5,199.4
2006-02-04,6.23,9.5,199.4
2006-02-11,6.24,9.5,199.4
2006-02-18,6.28,9.5,199.4
2006-02-25,6.26,9.5,199.4
2006-03-03,6.26,9.5,199.7
2006-03-04,6.24,9.5,199.7
2006-03-11,6.37,9.5,199.7
2006-03-18,6.34,9.5,199.7
2006-03-25,6.32,9.5,199.7
2006-04-01,6.35,9.5,199.7
2006-04-03,6.35,9.6,200.7
2006-04-08,6.43,9.6,200.7
2006-04-15,6.49,9.6,200.7
2006-04-22,6.53,9.6,200.7
2006-04-29,6.58,9.6,200.7
2006-05-03,6.58,9.6,201.3
2006-05-06,6.59,9.6,201.3
2006-05-13,6.58,9.6,201.3
2006-05-20,6.6,9.6,201.3
2006-05-27,6.62,9.6,201.3
2006-06-03,6.67,9.6,201.8
2006-06-10,6.62,9.6,201.8
2006-06-17,6.63,9.6,201.8
2006-06-24,6.71,9.6,201.8
2006-07-01,6.78,9.6,201.8
2006-07-03,6.78,9.9,202.9
2006-07-08,6.79,9.9,202.9
2006-07-15,6.74,9.9,202.9
2006-07-22,6.8,9.9,202.9
2006-07-29,6.72,9.9,202.9
2006-08-03,6.72,9.9,203.8
2006-08-05,6.63,9.9,203.8
2006-08-12,6.55,9.9,203.8
2006-08-19,6.52,9.9,203.8
2006-08-26,6.48,9.9,203.8
2006-09-02,6.44,9.9,203.8
2006-09-03,6.44,9.9,202.8
2006-09-09,6.47,9.9,202.8
2006-09-16,6.43,9.9,202.8
2006-09-23,6.4,9.9,202.8
2006-09-30,6.31,9.9,202.8
2006-10-03,6.31,9.8,201.9
2006-10-07,6.3,9.8,201.9
2006-10-14,6.37,9.8,201.9
2006-10-21,6.36,9.8,201.9
2006-10-28,6.4,9.8,201.9
2006-11-03,6.4,9.8,202.0
2006-11-04,6.31,9.8,202.0
2006-11-11,6.33,9.8,202.0
2006-11-18,6.24,9.8,202.0
2006-11-24,6.18,9.8,202.0
2006-12-02,6.14,9.8,202.0
2006-12-03,6.14,9.8,203.1
2006-12-09,6.11,9.8,203.1
2006-12-16,6.12,9.8,203.1
2006-12-23,6.13,9.8,203.1
2006-12-30,6.18,9.8,203.1
2007-01-03,6.18,10.1,203.437
2007-01-06,6.18,10.1,203.437
2007-01-13,6.21,10.1,203.437
2007-01-20,6.23,10.1,203.437
2007-01-27,6.25,10.1,203.437
2007-02-03,6.34,10.1,204.226
2007-02-10,6.28,10.1,204.226
2007-02-17,6.3,10.1,204.226
2007-02-24,6.22,10.1,204.226
2007-03-03,6.18,10.1,205.288
2007-03-10,6.14,10.1,205.288
2007-03-17,6.14,10.1,205.288
2007-03-24,6.16,10.1,205.288
2007-03-31,6.16,10.1,205.288
2007-04-03,6.16,9.5,205.904
2007-04-07,6.17,9.5,205.904
2007-04-14,6.22,9.5,205.904
2007-04-21,6.17,9.5,205.904
2007-04-28,6.16,9.5,205.904
2007-05-03,6.16,9.5,206.755
2007-05-05,6.16,9.5,206.755
2007-05-12,6.15,9.5,206.755
2007-05-19,6.21,9.5,206.755
2007-05-26,6.37,9.5,206.755
2007-06-02,6.42,9.5,206.755
2007-06-03,6.42,9.5,207.234
2007-06-09,6.53,9.5,207.234
2007-06-16,6.74,9.5,207.234
2007-06-23,6.69,9.5,207.234
2007-06-30,6.67,9.5,207.234
2007-07-03,6.67,9.8,207.603
2007-07-07,6.63,9.8,207.603
2007-07-14,6.73,9.8,207.603
2007-07-21,6.73,9.8,207.603
2007-07-28,6.69,9.8,207.603
2007-08-03,6.69,9.8,207.667
2007-08-04,6.68,9.8,207.667
2007-08-11,6.59,9.8,207.667
2007-08-18,6.62,9.8,207.667
2007-08-25,6.52,9.8,207.667
2007-09-01,6.45,9.8,207.667
2007-09-03,6.45,9.8,208.547
2007-09-08,6.46,9.8,208.547
2007-09-15,6.31,9.8,208.547
2007-09-22,6.34,9.8,208.547
2007-09-29,6.42,9.8,208.547
2007-10-03,6.42,9.6,209.19
2007-10-06,6.37,9.6,209.19
2007-10-13,6.4,9.6,209.19
2007-10-20,6.4,9.6,209.19
2007-10-27,6.33,9.6,209.19
2007-11-03,6.26,9.6,210.834
2007-11-10,6.24,9.6,210.834
2007-11-17,6.24,9.6,210.834
2007-11-23,6.2,9.6,210.834
2007-12-01,6.1,9.6,210.834
2007-12-03,6.1,9.6,211.445
2007-12-08,5.96,9.6,211.445
2007-12-15,6.11,9.6,211.445
2007-12-22,6.14,9.6,211.445
2007-12-29,6.17,9.6,211.445
2008-01-03,6.17,10.1,212.174
2008-01-05,6.07,10.1,212.174
2008-01-12,5.87,10.1,212.174
2008-01-19,5.69,10.1,212.174
2008-01-26,5.48,10.1,212.174
2008-02-02,5.68,10.1,212.174
2008-02-03,5.68,10.1,212.687
2008-02-09,5.67,10.1,212.687
2008-02-16,5.72,10.1,212.687
2008-02-23,6.04,10.1,212.687
2008-03-01,6.24,10.1,212.687
2008-03-03,6.24,10.1,213.448
2008-03-08,6.03,10.1,213.448
2008-03-15,6.13,10.1,213.448
2008-03-22,5.87,10.1,213.448
2008-03-29,5.85,10.1,213.448
2008-04-03,5.85,10.0,213.942
2008-04-05,5.88,10.0,213.942
2008-04-12,5.88,10.0,213.942
2008-04-19,5.88,10.0,213.942
2008-04-26,6.03,10.0,213.942
2008-05-03,6.06,10.0,215.208
2008-05-10,6.05,10.0,215.208
2008-05-17,6.01,10.0,215.208
2008-05-24,5.98,10.0,215.208
2008-05-31,6.08,10.0,215.208
2008-06-03,6.08,10.0,217.463
2008-06-07,6.09,10.0,217.463
2008-06-14,6.32,10.0,217.463
2008-06-21,6.42,10.0,217.463
2008-06-28,6.45,10.0,217.463
2008-07-03,6.45,9.9,219.016
2008-07-05,6.35,9.9,219.016
2008-07-12,6.37,9.9,219.016
2008-07-19,6.26,9.9,219.016
2008-07-26,6.63,9.9,219.016
2008-08-02,6.52,9.9,219.016
2008-08-03,6.52,9.9,218.69
2008-08-09,6.52,9.9,218.69
2008-08-16,6.52,9.9,218.69
2008-08-23,6.47,9.9,218.69
2008-08-30,6.4,9.9,218.69
2008-09-03,6.4,9.9,218.877
2008-09-06,6.35,9.9,218.877
2008-09-13,5.93,9.9,218.877
2008-09-20,5.78,9.9,218.877
2008-09-27,6.09,9.9,218.877
2008-10-03,6.09,10.1,216.995
2008-10-04,6.1,10.1,216.995
2008-10-11,5.94,10.1,216.995
2008-10-18,6.46,10.1,216.995
2008-10-25,6.04,10.1,216.995
2008-11-01,6.46,10.1,216.995
2008-11-03,6.46,10.1,213.153
2008-11-08,6.2,10.1,213.153
2008-11-15,6.14,10.1,213.153
2008-11-22,6.04,10.1,213.153
2008-11-28,5.97,10.1,213.153
2008-12-03,5.97,10.1,211.398
2008-12-06,5.53,10.1,211.398
2008-12-13,5.47,10.1,211.398
2008-12-20,5.19,10.1,211.398
2008-12-26,5.14,10.1,211.398
2009-01-02,5.1,10.1,211.398
2009-01-03,5.1,10.1,211.933
2009-01-10,5.01,10.1,211.933
2009-01-17,4.96,10.1,211.933
2009-01-24,5.12,10.1,211.933
2009-01-31,5.1,10.1,211.933
2009-02-03,5.1,10.1,212.705
2009-02-07,5.25,10.1,212.705
2009-02-14,5.16,10.1,212.705
2009-02-21,5.04,10.1,212.705
2009-02-28,5.07,10.1,212.705
2009-03-03,5.07,10.1,212.495
2009-03-07,5.15,10.1,212.495
2009-03-14,5.03,10.1,212.495
2009-03-21,4.98,10.1,212.495
2009-03-28,4.85,10.1,212.495
2009-04-03,4.85,10.6,212.709
2009-04-04,4.78,10.6,212.709
2009-04-11,4.87,10.6,212.709
2009-04-18,4.82,10.6,212.709
2009-04-25,4.8,10.6,212.709
2009-05-02,4.78,10.6,212.709
2009-05-03,4.78,10.6,213.022
2009-05-09,4.84,10.6,213.022
2009-05-16,4.86,10.6,213.022
2009-05-23,4.82,10.6,213.022
2009-05-30,4.91,10.6,213.022
2009-06-03,4.91,10.6,214.79
2009-06-06,5.29,10.6,214.79
2009-06-13,5.59,10.6,214.79
2009-06-20,5.38,10.6,214.79
2009-06-27,5.42,10.6,214.79
2009-07-03,5.42,11.1,214.726
2009-07-04,5.32,11.1,214.726
2009-07-11,5.2,11.1,214.726
2009-07-18,5.14,11.1,214.726
2009-07-25,5.2,11.1,214.726
2009-08-01,5.25,11.1,214.726
2009-08-03,5.25,11.1,215.445
2009-08-08,5.22,11.1,215.445
2009-08-15,5.29,11.1,215.445
2009-08-22,5.12,11.1,215.445
2009-08-29,5.14,11.1,215.445
2009-09-03,5.14,11.1,215.861
2009-09-05,5.08,11.1,215.861
2009-09-12,5.07,11.1,215.861
2009-09-19,5.04,11.1,215.861
2009-09-26,5.04,11.1,215.861
2009-10-03,4.94,10.7,216.509
2009-10-10,4.87,10.7,216.509
2009-10-17,4.92,10.7,216.509
2009-10-24,5.0,10.7,216.509
2009-10-31,5.03,10.7,216.509
2009-11-03,5.03,10.7,217.234
2009-11-07,4.98,10.7,217.234
2009-11-14,4.91,10.7,217.234
2009-11-21,4.83,10.7,217.234
2009-11-27,4.78,10.7,217.234
2009-12-03,4.78,10.7,217.347
2009-12-05,4.71,10.7,217.347
2009-12-12,4.81,10.7,217.347
2009-12-19,4.94,10.7,217.347
2009-12-26,5.05,10.7,217.347
2010-01-02,5.14,10.7,217.347
2010-01-03,5.14,10.6,217.488
2010-01-09,5.09,10.6,217.488
2010-01-16,5.06,10.6,217.488
2010-01-23,4.99,10.6,217.488
2010-01-30,4.98,10.6,217.488
2010-02-03,4.98,10.6,217.281
2010-02-06,5.01,10.6,217.281
2010-02-13,4.97,10.6,217.281
2010-02-20,4.93,10.6,217.281
2010-02-27,5.05,10.6,217.281
2010-03-03,5.05,10.6,217.353
2010-03-06,4.97,10.6,217.353
2010-03-13,4.95,10.6,217.353
2010-03-20,4.96,10.6,217.353
2010-03-27,4.99,10.6,217.353
2010-04-03,5.08,10.6,217.403
2010-04-10,5.21,10.6,217.403
2010-04-17,5.07,10.6,217.403
2010-04-24,5.07,10.6,217.403
2010-05-01,5.06,10.6,217.403
2010-05-03,5.06,10.6,217.29
2010-05-08,5.0,10.6,217.29
2010-05-15,4.93,10.6,217.29
2010-05-22,4.84,10.6,217.29
2010-05-29,4.78,10.6,217.29
2010-06-03,4.78,10.6,217.199
2010-06-05,4.79,10.6,217.199
2010-06-12,4.72,10.6,217.199
2010-06-19,4.75,10.6,217.199
2010-06-26,4.69,10.6,217.199
2010-07-03,4.58,10.3,217.605
2010-07-10,4.57,10.3,217.605
2010-07-17,4.57,10.3,217.605
2010-07-24,4.56,10.3,217.605
2010-07-31,4.54,10.3,217.605
2010-08-03,4.54,10.3,217.923
2010-08-07,4.49,10.3,217.923
2010-08-14,4.44,10.3,217.923
2010-08-21,4.42,10.3,217.923
2010-08-28,4.36,10.3,217.923
2010-09-03,4.36,10.3,218.275
2010-09-04,4.32,10.3,218.275
2010-09-11,4.35,10.3,218.275
2010-09-18,4.37,10.3,218.275
2010-09-25,4.37,10.3,218.275
2010-10-02,4.32,10.3,218.275
2010-10-03,4.32,9.4,219.035
2010-10-09,4.27,9.4,219.035
2010-10-16,4.19,9.4,219.035
2010-10-23,4.21,9.4,219.035
2010-10-30,4.23,9.4,219.035
2010-11-03,4.23,9.4,219.59
2010-11-06,4.24,9.4,219.59
2010-11-13,4.17,9.4,219.59
2010-11-20,4.39,9.4,219.59
2010-11-26,4.4,9.4,219.59
2010-12-03,4.4,9.4,220.472
2010-12-04,4.46,9.4,220.472
2010-12-11,4.61,9.4,220.472
2010-12-18,4.83,9.4,220.472
2010-12-25,4.81,9.4,220.472
2011-01-01,4.86,9.4,220.472
2011-01-03,4.86,9.7,221.187
2011-01-08,4.77,9.7,221.187
2011-01-15,4.71,9.7,221.187
2011-01-22,4.74,9.7,221.187
2011-01-29,4.8,9.7,221.187
2011-02-03,4.8,9.7,221.898
2011-02-05,4.81,9.7,221.898
2011-02-12,5.05,9.7,221.898
2011-02-19,5.0,9.7,221.898
2011-02-26,4.95,9.7,221.898
2011-03-03,4.95,9.7,223.046
2011-03-05,4.87,9.7,223.046
2011-03-12,4.88,9.7,223.046
2011-03-19,4.76,9.7,223.046
2011-03-26,4.81,9.7,223.046
2011-04-02,4.86,9.7,223.046
2011-04-03,4.86,9.2,224.093
2011-04-09,4.87,9.2,224.093
2011-04-16,4.91,9.2,224.093
2011-04-23,4.8,9.2,224.093
2011-04-30,4.78,9.2,224.093
2011-05-03,4.78,9.2,224.806
2011-05-07,4.71,9.2,224.806
2011-05-14,4.63,9.2,224.806
2011-05-21,4.61,9.2,224.806
2011-05-28,4.6,9.2,224.806
2011-06-03,4.6,9.2,224.806
2011-06-04,4.55,9.2,224.806
2011-06-11,4.49,9.2,224.806
2011-06-18,4.5,9.2,224.806
2011-06-25,4.5,9.2,224.806
2011-07-02,4.51,9.2,224.806
2011-07-03,4.51,9.8,225.395
2011-07-09,4.6,9.8,225.395
2011-07-16,4.51,9.8,225.395
2011-07-23,4.52,9.8,225.395
2011-07-30,4.55,9.8,225.395
2011-08-03,4.55,9.8,226.106
2011-08-06,4.39,9.8,226.106
2011-08-13,4.32,9.8,226.106
2011-08-20,4.15,9.8,226.106
2011-08-27,4.22,9.8,226.106
2011-09-03,4.22,9.8,226.597
2011-09-10,4.12,9.8,226.597
2011-09-17,4.09,9.8,226.597
2011-09-24,4.09,9.8,226.597
2011-10-01,4.01,9.8,226.597
2011-10-03,4.01,9.4,226.75
2011-10-08,3.94,9.4,226.75
2011-10-15,4.12,9.4,226.75
2011-10-22,4.11,9.4,226.75
2011-10-29,4.1,9.4,226.75
2011-11-03,4.1,9.4,227.169
2011-11-05,4.0,9.4,227.169
2011-11-12,3.99,9.4,227.169
2011-11-19,4.0,9.4,227.169
2011-11-25,3.98,9.4,227.169
2011-12-03,4.0,9.4,227.223
2011-12-10,3.99,9.4,227.223
2011-12-17,3.94,9.4,227.223
2011-12-24,3.91,9.4,227.223
2011-12-31,3.95,9.4,227.223
2012-01-03,3.95,8.8,227.842
2012-01-07,3.91,8.8,227.842
2012-01-14,3.89,8.8,227.842
2012-01-21,3.88,8.8,227.842
2012-01-28,3.98,8.8,227.842
2012-02-03,3.98,8.8,228.329
2012-02-04,3.87,8.8,228.329
2012-02-11,3.87,8.8,228.329
2012-02-18,3.87,8.8,228.329
2012-02-25,3.95,8.8,228.329
2012-03-03,3.9,8.8,228.807
2012-03-10,3.88,8.8,228.807
2012-03-17,3.92,8.8,228.807
2012-03-24,4.08,8.8,228.807
2012-03-31,3.99,8.8,228.807
2012-04-03,3.99,8.6,229.187
2012-04-07,3.98,8.6,229.187
2012-04-14,3.88,8.6,229.187
2012-04-21,3.9,8.6,229.187
2012-04-28,3.88,8.6,229.187
2012-05-03,3.88,8.6,228.713
2012-05-05,3.84,8.6,228.713
2012-05-12,3.83,8.6,228.713
2012-05-19,3.79,8.6,228.713
2012-05-26,3.78,8.6,228.713
2012-06-02,3.75,8.6,228.713
2012-06-03,3.75,8.6,228.524
2012-06-09,3.67,8.6,228.524
2012-06-16,3.71,8.6,228.524
2012-06-23,3.66,8.6,228.524
2012-06-30,3.66,8.6,228.524
2012-07-03,3.66,8.6,228.59
2012-07-07,3.62,8.6,228.59
2012-07-14,3.56,8.6,228.59
2012-07-21,3.53,8.6,228.59
2012-07-28,3.49,8.6,228.59
2012-08-03,3.49,8.6,229.918
2012-08-04,3.55,8.6,229.918
2012-08-11,3.59,8.6,229.918
2012-08-18,3.62,8.6,229.918
2012-08-25,3.66,8.6,229.918
2012-09-01,3.59,8.6,229.918
2012-09-03,3.59,8.6,231.015
2012-09-08,3.55,8.6,231.015
2012-09-15,3.55,8.6,231.015
2012-09-22,3.49,8.6,231.015
2012-09-29,3.4,8.6,231.015
2012-10-03,3.4,8.7,231.638
2012-10-06,3.36,8.7,231.638
2012-10-13,3.39,8.7,231.638
2012-10-20,3.37,8.7,231.638
2012-10-27,3.41,8.7,231.638
2012-11-03,3.39,8.7,231.249
2012-11-10,3.4,8.7,231.249
2012-11-17,3.34,8.7,231.249
2012-11-23,3.31,8.7,231.249
2012-12-01,3.32,8.7,231.249
2012-12-03,3.32,8.7,231.221
2012-12-08,3.34,8.7,231.221
2012-12-15,3.32,8.7,231.221
2012-12-22,3.37,8.7,231.221
2012-12-29,3.35,8.7,231.221
2013-01-03,3.35,8.6,231.679
2013-01-05,3.34,8.6,231.679
2013-01-12,3.4,8.6,231.679
2013-01-19,3.38,8.6,231.679
2013-01-26,3.42,8.6,231.679
2013-02-02,3.53,8.6,231.679
2013-02-03,3.53,8.6,232.937
2013-02-09,3.53,8.6,232.937
2013-02-16,3.53,8.6,232.937
2013-02-23,3.56,8.6,232.937
2013-03-02,3.51,8.6,232.937
2013-03-03,3.51,8.6,232.282
2013-03-09,3.52,8.6,232.282
2013-03-16,3.63,8.6,232.282
2013-03-23,3.54,8.6,232.282
2013-03-30,3.57,8.6,232.282
2013-04-03,3.57,8.2,231.797
2013-04-06,3.54,8.2,231.797
2013-04-13,3.43,8.2,231.797
2013-04-20,3.41,8.2,231.797
2013-04-27,3.4,8.2,231.797
2013-05-03,3.4,8.2,231.893
2013-05-04,3.35,8.2,231.893
2013-05-11,3.42,8.2,231.893
2013-05-18,3.51,8.2,231.893
2013-05-25,3.59,8.2,231.893
2013-06-01,3.81,8.2,231.893
2013-06-03,3.81,8.2,232.445
2013-06-08,3.91,8.2,232.445
2013-06-15,3.98,8.2,232.445
2013-06-22,3.93,8.2,232.445
2013-06-29,4.46,8.2,232.445
2013-07-03,4.46,8.3,232.9
2013-07-05,4.29,8.3,232.9
2013-07-13,4.51,8.3,232.9
2013-07-20,4.37,8.3,232.9
2013-07-27,4.31,8.3,232.9
2013-08-03,4.39,8.3,233.456
2013-08-10,4.4,8.3,233.456
2013-08-17,4.4,8.3,233.456
2013-08-24,4.58,8.3,233.456
2013-08-31,4.51,8.3,233.456
2013-09-03,4.51,8.3,233.544
2013-09-07,4.57,8.3,233.544
2013-09-14,4.57,8.3,233.544
2013-09-21,4.5,8.3,233.544
2013-09-28,4.32,8.3,233.544
2013-10-03,4.32,8.2,233.669
2013-10-05,4.22,8.2,233.669
2013-10-12,4.23,8.2,233.669
2013-10-19,4.28,8.2,233.669
2013-10-26,4.13,8.2,233.669
2013-11-02,4.1,8.2,233.669
2013-11-03,4.1,8.2,234.1
2013-11-09,4.16,8.2,234.1
2013-11-16,4.35,8.2,234.1
2013-11-23,4.22,8.2,234.1
2013-11-29,4.29,8.2,234.1
2013-12-03,4.29,8.2,234.719
2013-12-07,4.46,8.2,234.719
2013-12-14,4.42,8.2,234.719
2013-12-21,4.47,8.2,234.719
2013-12-28,4.48,8.2,234.719
2014-01-03,4.48,8.3,235.288
2014-01-04,4.53,8.3,235.288
2014-01-11,4.51,8.3,235.288
2014-01-18,4.41,8.3,235.288
2014-01-25,4.39,8.3,235.288
2014-02-01,4.32,8.3,235.288
2014-02-03,4.32,8.3,235.547
2014-02-08,4.23,8.3,235.547
2014-02-15,4.28,8.3,235.547
2014-02-22,4.33,8.3,235.547
2014-03-01,4.37,8.3,235.547
2014-03-03,4.37,8.3,236.028
2014-03-08,4.28,8.3,236.028
2014-03-15,4.37,8.3,236.028
2014-03-22,4.32,8.3,236.028
2014-03-29,4.4,8.3,236.028
2014-04-03,4.4,7.5,236.468
2014-04-05,4.41,7.5,236.468
2014-04-12,4.34,7.5,236.468
2014-04-19,4.27,7.5,236.468
2014-04-26,4.33,7.5,236.468
2014-05-03,4.29,7.5,236.918
2014-05-10,4.21,7.5,236.918
2014-05-17,4.2,7.5,236.918
2014-05-24,4.14,7.5,236.918
2014-05-31,4.12,7.5,236.918
2014-06-03,4.12,7.5,237.231
2014-06-07,4.14,7.5,237.231
2014-06-14,4.2,7.5,237.231
2014-06-21,4.17,7.5,237.231
2014-06-28,4.14,7.5,237.231
2014-07-03,4.14,7.4,237.498
2014-07-05,4.12,7.4,237.498
2014-07-12,4.15,7.4,237.498
2014-07-19,4.13,7.4,237.498
2014-07-26,4.13,7.4,237.498
2014-08-02,4.12,7.4,237.498
2014-08-03,4.12,7.4,237.46
2014-08-09,4.14,7.4,237.46
2014-08-16,4.12,7.4,237.46
2014-08-23,4.1,7.4,237.46
2014-08-30,4.1,7.4,237.46
2014-09-03,4.1,7.4,237.477
2014-09-06,4.1,7.4,237.477
2014-09-13,4.12,7.4,237.477
2014-09-20,4.23,7.4,237.477
2014-09-27,4.2,7.4,237.477
2014-10-03,4.2,7.0,237.43
2014-10-04,4.19,7.0,237.43
2014-10-11,4.12,7.0,237.43
2014-10-18,3.97,7.0,237.43
2014-10-25,3.92,7.0,237.43
2014-11-01,3.98,7.0,237.43
2014-11-03,3.98,7.0,236.983
2014-11-08,4.02,7.0,236.983
2014-11-15,4.01,7.0,236.983
2014-11-22,3.99,7.0,236.983
2014-11-28,3.97,7.0,236.983
2014-12-03,3.97,7.0,236.252
2014-12-06,3.89,7.0,236.252
2014-12-13,3.93,7.0,236.252
2014-12-20,3.8,7.0,236.252
2014-12-26,3.83,7.0,236.252
2015-01-02,3.87,7.0,236.252
2015-01-03,3.87,7.1,234.747
2015-01-10,3.73,7.1,234.747
2015-01-17,3.66,7.1,234.747
2015-01-24,3.63,7.1,234.747
2015-01-31,3.66,7.1,234.747
2015-02-03,3.66,7.1,235.342
2015-02-07,3.59,7.1,235.342
2015-02-14,3.69,7.1,235.342
2015-02-21,3.76,7.1,235.342
2015-02-28,3.8,7.1,235.342
2015-03-03,3.8,7.1,235.976
2015-03-07,3.75,7.1,235.976
2015-03-14,3.86,7.1,235.976
2015-03-21,3.78,7.1,235.976
2015-03-28,3.69,7.1,235.976
2015-04-03,3.69,6.8,236.222
2015-04-04,3.7,6.8,236.222
2015-04-11,3.66,6.8,236.222
2015-04-18,3.67,6.8,236.222
2015-04-25,3.65,6.8,236.222
2015-05-02,3.68,6.8,236.222
2015-05-03,3.68,6.8,237.001
2015-05-09,3.8,6.8,237.001
2015-05-16,3.85,6.8,237.001
2015-05-23,3.84,6.8,237.001
2015-05-30,3.87,6.8,237.001
2015-06-03,3.87,6.8,237.657
2015-06-06,3.87,6.8,237.657
2015-06-13,4.04,6.8,237.657
2015-06-20,4.0,6.8,237.657
2015-06-27,4.02,6.8,237.657
2015-07-03,4.02,7.3,238.034
2015-07-04,4.08,7.3,238.034
2015-07-11,4.04,7.3,238.034
2015-07-18,4.09,7.3,238.034
2015-07-25,4.04,7.3,238.034
2015-08-01,3.98,7.3,238.034
2015-08-03,3.98,7.3,238.033
2015-08-08,3.91,7.3,238.033
2015-08-15,3.94,7.3,238.033
2015-08-22,3.93,7.3,238.033
2015-08-29,3.84,7.3,238.033
2015-09-03,3.84,7.3,237.498
2015-09-05,3.89,7.3,237.498
2015-09-12,3.9,7.3,237.498
2015-09-19,3.91,7.3,237.498
2015-09-26,3.86,7.3,237.498
2015-10-03,3.85,7.0,237.733
2015-10-10,3.76,7.0,237.733
2015-10-17,3.82,7.0,237.733
2015-10-24,3.79,7.0,237.733
2015-10-31,3.76,7.0,237.733
2015-11-03,3.76,7.0,238.017
2015-11-07,3.87,7.0,238.017
2015-11-14,3.98,7.0,238.017
2015-11-21,3.97,7.0,238.017
2015-11-27,3.95,7.0,238.017
2015-12-03,3.95,7.0,237.761
2015-12-05,3.93,7.0,237.761
2015-12-12,3.95,7.0,237.761
2015-12-19,3.97,7.0,237.761
2015-12-26,3.96,7.0,237.761
2016-01-02,4.01,7.0,237.761
2016-01-03,4.01,7.0,237.652
2016-01-09,3.97,7.0,237.652
2016-01-16,3.92,7.0,237.652
2016-01-23,3.81,7.0,237.652
2016-01-30,3.79,7.0,237.652
2016-02-03,3.79,7.0,237.336
2016-02-06,3.72,7.0,237.336
2016-02-13,3.65,7.0,237.336
2016-02-20,3.65,7.0,237.336
2016-02-27,3.62,7.0,237.336
2016-03-03,3.62,7.0,238.08
2016-03-05,3.64,7.0,238.08
2016-03-12,3.68,7.0,238.08
2016-03-19,3.73,7.0,238.08
2016-03-26,3.71,7.0,238.08
2016-04-02,3.71,7.0,238.08
2016-04-03,3.71,6.7,238.992
2016-04-09,3.59,6.7,238.992
2016-04-16,3.58,6.7,238.992
2016-04-23,3.59,6.7,238.992
2016-04-30,3.66,6.7,238.992
2016-05-03,3.66,6.7,239.557
2016-05-07,3.61,6.7,239.557
2016-05-14,3.57,6.7,239.557
2016-05-21,3.58,6.7,239.557
2016-05-28,3.64,6.7,239.557
2016-06-03,3.64,6.7,240.222
2016-06-04,3.66,6.7,240.222
2016-06-11,3.6,6.7,240.222
2016-06-18,3.54,6.7,240.222
2016-06-25,3.56,6.7,240.222
2016-07-02,3.48,6.7,240.222
2016-07-03,3.48,6.8,240.101
2016-07-09,3.41,6.8,240.101
2016-07-16,3.42,6.8,240.101
2016-07-23,3.45,6.8,240.101
2016-07-30,3.48,6.8,240.101
2016-08-03,3.48,6.8,240.545
2016-08-06,3.43,6.8,240.545
2016-08-13,3.45,6.8,240.545
2016-08-20,3.43,6.8,240.545
2016-08-27,3.43,6.8,240.545
2016-09-03,3.46,6.8,241.176
2016-09-10,3.44,6.8,241.176
2016-09-17,3.5,6.8,241.176
2016-09-24,3.48,6.8,241.176
2016-10-01,3.42,6.8,241.176
2016-10-03,3.42,6.9,241.741
2016-10-08,3.42,6.9,241.741
2016-10-15,3.47,6.9,241.741
2016-10-22,3.52,6.9,241.741
2016-10-29,3.47,6.9,241.741
2016-11-03,3.47,6.9,242.026
2016-11-05,3.54,6.9,242.026
2016-11-12,3.57,6.9,242.026
2016-11-19,3.94,6.9,242.026
2016-11-25,4.03,6.9,242.026
2016-12-03,4.08,6.9,242.637
2016-12-10,4.13,6.9,242.637
2016-12-17,4.16,6.9,242.637
2016-12-24,4.3,6.9,242.637
2016-12-31,4.32,6.9,242.637
2017-01-03,4.32,7.0,243.618
2017-01-07,4.2,7.0,243.618
2017-01-14,4.12,7.0,243.618
2017-01-21,4.09,7.0,243.618
2017-01-28,4.19,7.0,243.618
2017-02-03,4.19,7.0,244.006
2017-02-04,4.19,7.0,244.006
2017-02-11,4.17,7.0,244.006
2017-02-18,4.15,7.0,244.006
2017-02-25,4.16,7.0,244.006
2017-03-03,4.16,7.0,243.892
2017-03-04,4.1,7.0,243.892
2017-03-11,4.21,7.0,243.892
2017-03-18,4.3,7.0,243.892
2017-03-25,4.23,7.0,243.892
2017-04-01,4.14,7.0,243.892
2017-04-03,4.14,7.3,244.193
2017-04-08,4.1,7.3,244.193
2017-04-15,4.08,7.3,244.193
2017-04-22,3.97,7.3,244.193
2017-04-29,4.03,7.3,244.193
2017-05-03,4.03,7.3,244.004
2017-05-06,4.02,7.3,244.004
2017-05-13,4.05,7.3,244.004
2017-05-20,4.02,7.3,244.004
2017-05-27,3.95,7.3,244.004
2017-06-03,3.94,7.3,244.163
2017-06-10,3.89,7.3,244.163
2017-06-17,3.91,7.3,244.163
2017-06-24,3.9,7.3,244.163
2017-07-01,3.88,7.3,244.163
2017-07-03,3.88,7.5,244.243
2017-07-08,3.96,7.5,244.243
2017-07-15,4.03,7.5,244.243
2017-07-22,3.96,7.5,244.243
2017-07-29,3.92,7.5,244.243
2017-08-03,3.92,7.5,245.183
2017-08-05,3.93,7.5,245.183
2017-08-12,3.9,7.5,245.183
2017-08-19,3.89,7.5,245.183
2017-08-26,3.86,7.5,245.183
2017-09-02,3.82,7.5,245.183
2017-09-03,3.82,7.5,246.435
2017-09-09,3.78,7.5,246.435
2017-09-16,3.78,7.5,246.435
2017-09-23,3.83,7.5,246.435
2017-09-30,3.83,7.5,246.435
2017-10-03,3.83,6.9,246.626
2017-10-07,3.85,6.9,246.626
2017-10-14,3.91,6.9,246.626
2017-10-21,3.88,6.9,246.626
2017-10-28,3.94,6.9,246.626
2017-11-03,3.94,6.9,247.284
2017-11-04,3.94,6.9,247.284
2017-11-11,3.9,6.9,247.284
2017-11-18,3.95,6.9,247.284
2017-11-24,3.92,6.9,247.284
2017-12-02,3.9,6.9,247.284
2017-12-03,3.9,6.9,247.805
2017-12-09,3.94,6.9,247.805
2017-12-16,3.93,6.9,247.805
2017-12-23,3.94,6.9,247.805
2017-12-30,3.99,6.9,247.805
2018-01-03,3.99,7.0,248.743
2018-01-06,3.95,7.0,248.743
2018-01-13,3.99,7.0,248.743
2018-01-20,4.04,7.0,248.743
2018-01-27,4.15,7.0,248.743
2018-02-03,4.22,7.0,249.439
2018-02-10,4.32,7.0,249.439
2018-02-17,4.38,7.0,249.439
2018-02-24,4.4,7.0,249.439
2018-03-03,4.43,7.0,249.581
2018-03-10,4.46,7.0,249.581
2018-03-17,4.44,7.0,249.581
2018-03-24,4.45,7.0,249.581
2018-03-31,4.44,7.0,249.581
2018-04-03,4.44,6.8,250.146
2018-04-07,4.4,6.8,250.146
2018-04-14,4.42,6.8,250.146
2018-04-21,4.47,6.8,250.146
2018-04-28,4.58,6.8,250.146
2018-05-03,4.58,6.8,250.779
2018-05-05,4.55,6.8,250.779
2018-05-12,4.55,6.8,250.779
2018-05-19,4.61,6.8,250.779
2018-05-26,4.66,6.8,250.779
2018-06-02,4.56,6.8,250.779
2018-06-03,4.56,6.8,251.118
2018-06-09,4.54,6.8,251.118
2018-06-16,4.62,6.8,251.118
2018-06-23,4.57,6.8,251.118
2018-06-30,4.55,6.8,251.118
2018-07-03,4.55,7.1,251.323
2018-07-07,4.52,7.1,251.323
2018-07-14,4.53,7.1,251.323
2018-07-21,4.52,7.1,251.323
2018-07-28,4.54,7.1,251.323
2018-08-03,4.54,7.1,251.749
2018-08-04,4.6,7.1,251.749
2018-08-11,4.59,7.1,251.749
2018-08-18,4.53,7.1,251.749
2018-08-25,4.51,7.1,251.749
2018-09-01,4.52,7.1,251.749
2018-09-03,4.52,7.1,252.239
2018-09-08,4.54,7.1,252.239
2018-09-15,4.6,7.1,252.239
2018-09-22,4.65,7.1,252.239
2018-09-29,4.72,7.1,252.239
2018-10-03,4.72,6.6,252.862
2018-10-06,4.71,6.6,252.862
2018-10-13,4.9,6.6,252.862
2018-10-20,4.85,6.6,252.862
2018-10-27,4.86,6.6,252.862
2018-11-03,4.83,6.6,252.657
2018-11-10,4.94,6.6,252.657
2018-11-17,4.94,6.6,252.657
2018-11-23,4.81,6.6,252.657
2018-12-01,4.81,6.6,252.657
2018-12-03,4.81,6.6,252.551
2018-12-08,4.75,6.6,252.551
2018-12-15,4.63,6.6,252.551
2018-12-22,4.62,6.6,252.551
2018-12-29,4.55,6.6,252.551
2019-01-03,4.55,7.0,252.47
2019-01-05,4.51,7.0,252.47
2019-01-12,4.45,7.0,252.47
2019-01-19,4.45,7.0,252.47
2019-01-26,4.45,7.0,252.47
2019-02-02,4.46,7.0,252.47
2019-02-03,4.46,7.0,253.135
2019-02-09,4.41,7.0,253.135
2019-02-16,4.37,7.0,253.135
2019-02-23,4.35,7.0,253.135
2019-03-02,4.35,7.0,253.135
2019-03-03,4.35,7.0,254.273
2019-03-09,4.41,7.0,254.273
2019-03-16,4.31,7.0,254.273
2019-03-23,4.28,7.0,254.273
2019-03-30,4.06,7.0,254.273
2019-04-03,4.06,6.8,255.163
2019-04-06,4.08,6.8,255.163
2019-04-13,4.12,6.8,255.163
2019-04-20,4.17,6.8,255.163
2019-04-27,4.2,6.8,255.163
2019-05-03,4.2,6.8,255.325
2019-05-04,4.14,6.8,255.325
2019-05-11,4.1,6.8,255.325
2019-05-18,4.07,6.8,255.325
2019-05-25,4.06,6.8,255.325
2019-06-01,3.99,6.8,255.325
2019-06-03,3.99,6.8,255.361
2019-06-08,3.82,6.8,255.361
2019-06-15,3.82,6.8,255.361
2019-06-22,3.84,6.8,255.361
2019-06-29,3.73,6.8,255.361
2019-07-03,3.73,6.8,255.9
2019-07-05,3.75,6.8,255.9
2019-07-13,3.75,6.8,255.9
2019-07-20,3.81,6.8,255.9
2019-07-27,3.75,6.8,255.9
2019-08-03,3.75,6.8,256.179
2019-08-10,3.6,6.8,256.179
2019-08-17,3.6,6.8,256.179
2019-08-24,3.55,6.8,256.179
2019-08-31,3.58,6.8,256.179
2019-09-03,3.58,6.8,256.596
2019-09-07,3.49,6.8,256.596
2019-09-14,3.56,6.8,256.596
2019-09-21,3.73,6.8,256.596
2019-09-28,3.64,6.8,256.596
2019-10-03,3.64,6.4,257.305
2019-10-05,3.65,6.4,257.305
2019-10-12,3.57,6.4,257.305
2019-10-19,3.69,6.4,257.305
2019-10-26,3.75,6.4,257.305
2019-11-02,3.78,6.4,257.305
2019-11-03,3.78,6.4,257.788
2019-11-09,3.69,6.4,257.788
2019-11-16,3.75,6.4,257.788
2019-11-23,3.66,6.4,257.788
2019-11-29,3.68,6.4,257.788
2019-12-03,3.68,6.4,258.263
2019-12-07,3.68,6.4,258.263
2019-12-14,3.73,6.4,258.263
2019-12-21,3.73,6.4,258.263
2019-12-28,3.74,6.4,258.263
2020-01-03,3.74,6.6,258.682
2020-01-04,3.72,6.6,258.682
2020-01-11,3.64,6.6,258.682
2020-01-18,3.65,6.6,258.682
2020-01-25,3.6,6.6,258.682
2020-02-01,3.51,6.6,258.682
2020-02-03,3.51,6.6,259.007
2020-02-08,3.45,6.6,259.007
2020-02-15,3.47,6.6,259.007
2020-02-22,3.49,6.6,259.007
2020-02-29,3.45,6.6,259.007
2020-03-03,3.45,6.6,258.165
2020-03-07,3.29,6.6,258.165
2020-03-14,3.36,6.6,258.165
2020-03-21,3.65,6.6,258.165
2020-03-28,3.5,6.6,258.165
2020-04-03,3.5,5.7,256.094
2020-04-04,3.33,5.7,256.094
2020-04-11,3.33,5.7,256.094
2020-04-18,3.31,5.7,256.094
2020-04-25,3.33,5.7,256.094
2020-05-02,3.23,5.7,256.094
2020-05-03,3.23,5.7,255.944
2020-05-09,3.26,5.7,255.944
2020-05-16,3.28,5.7,255.944
2020-05-23,3.24,5.7,255.944
2020-05-30,3.15,5.7,255.944
2020-06-03,3.15,5.7,257.217
2020-06-06,3.18,5.7,257.217
2020-06-13,3.21,5.7,257.217
2020-06-20,3.13,5.7,257.217
2020-06-27,3.13,5.7,257.217
2020-07-03,3.13,6.4,258.543
2020-07-04,3.07,6.4,258.543
2020-07-11,3.03,6.4,258.543
2020-07-18,2.98,6.4,258.543
2020-07-25,3.01,6.4,258.543
2020-08-01,2.99,6.4,258.543
2020-08-03,2.99,6.4,259.58
2020-08-08,2.88,6.4,259.58
2020-08-15,2.96,6.4,259.58
2020-08-22,2.99,6.4,259.58
2020-08-29,2.91,6.4,259.58
2020-09-03,2.91,6.4,260.19
2020-09-05,2.93,6.4,260.19
2020-09-12,2.86,6.4,260.19
2020-09-19,2.87,6.4,260.19
2020-09-26,2.9,6.4,260.19
2020-10-03,2.88,6.5,260.352
2020-10-10,2.87,6.5,260.352
2020-10-17,2.81,6.5,260.352
2020-10-24,2.8,6.5,260.352
2020-10-31,2.81,6.5,260.352
2020-11-03,2.81,6.5,260.721
2020-11-07,2.78,6.5,260.721
2020-11-14,2.84,6.5,260.721
2020-11-21,2.72,6.5,260.721
2020-11-27,2.72,6.5,260.721
2020-12-03,2.72,6.5,261.564
2020-12-05,2.71,6.5,261.564
2020-12-12,2.71,6.5,261.564
2020-12-19,2.67,6.5,261.564
2020-12-26,2.66,6.5,261.564
2021-01-02,2.67,6.5,261.564
2021-01-03,2.67,6.8,262.2
2021-01-09,2.65,6.8,262.2
2021-01-16,2.79,6.8,262.2
2021-01-23,2.77,6.8,262.2
2021-01-30,2.73,6.8,262.2
2021-02-03,2.73,6.8,263.346
2021-02-06,2.73,6.8,263.346
2021-02-13,2.73,6.8,263.346
2021-02-20,2.81,6.8,263.346
2021-02-27,2.97,6.8,263.346
2021-03-03,2.97,6.8,265.028
2021-03-06,3.02,6.8,265.028
2021-03-13,3.05,6.8,265.028
2021-03-20,3.09,6.8,265.028
2021-03-27,3.17,6.8,265.028
2021-04-03,3.18,6.2,266.727
2021-04-10,3.13,6.2,266.727
2021-04-17,3.04,6.2,266.727
2021-04-24,2.97,6.2,266.727
2021-05-01,2.98,6.2,266.727
2021-05-03,2.98,6.2,268.599
2021-05-08,2.96,6.2,268.599
2021-05-15,2.94,6.2,268.599
2021-05-22,3.0,6.2,268.599
2021-05-29,2.95,6.2,268.599
2021-06-03,2.95,6.2,270.955
2021-06-05,2.99,6.2,270.955
2021-06-12,2.96,6.2,270.955
2021-06-19,2.93,6.2,270.955
2021-06-26,3.02,6.2,270.955
2021-07-03,2.98,5.8,272.184
2021-07-10,2.9,5.8,272.184
2021-07-17,2.88,5.8,272.184
2021-07-24,2.78,5.8,272.184
2021-07-31,2.8,5.8,272.184
2021-08-03,2.8,5.8,273.092
2021-08-07,2.77,5.8,273.092
2021-08-14,2.87,5.8,273.092
2021-08-21,2.86,5.8,273.092
2021-08-28,2.87,5.8,273.092
2021-09-03,2.87,5.8,274.214
2021-09-04,2.87,5.8,274.214
2021-09-11,2.88,5.8,274.214
2021-09-18,2.86,5.8,274.214
2021-09-25,2.88,5.8,274.214
2021-10-02,3.01,5.8,274.214
2021-10-03,3.01,5.6,276.59
2021-10-09,2.99,5.6,276.59
2021-10-16,3.05,5.6,276.59
2021-10-23,3.09,5.6,276.59
2021-10-30,3.14,5.6,276.59
2021-11-03,3.14,5.6,278.524
2021-11-06,3.09,5.6,278.524
2021-11-12,2.98,5.6,278.524
2021-11-20,3.1,5.6,278.524
2021-11-26,3.1,5.6,278.524
2021-12-03,3.1,5.6,280.126
2021-12-04,3.11,5.6,280.126
2021-12-11,3.1,5.6,280.126
2021-12-18,3.12,5.6,280.126
2021-12-25,3.05,5.6,280.126
2022-01-01,3.11,5.6,280.126
2022-01-03,3.11,5.8,281.933
2022-01-08,3.22,5.8,281.933
2022-01-15,3.45,5.8,281.933
2022-01-22,3.56,5.8,281.933
2022-01-29,3.55,5.8,281.933
2022-02-03,3.55,5.8,284.182
2022-02-05,3.55,5.8,284.182
2022-02-12,3.69,5.8,284.182
2022-02-19,3.92,5.8,284.182
2022-02-26,3.89,5.8,284.182
2022-03-03,3.89,5.8,287.708
2022-03-05,3.76,5.8,287.708
2022-03-12,3.85,5.8,287.708
2022-03-19,4.16,5.8,287.708
2022-03-26,4.42,5.8,287.708
2022-04-02,4.67,5.8,287.708
2022-04-03,4.67,5.6,288.663
2022-04-09,4.72,5.6,288.663
2022-04-16,5.0,5.6,288.663
2022-04-23,5.11,5.6,288.663
2022-04-30,5.1,5.6,288.663
2022-05-03,5.1,5.6,291.474
2022-05-07,5.27,5.6,291.474
2022-05-14,5.3,5.6,291.474
2022-05-21,5.25,5.6,291.474
2022-05-28,5.1,5.6,291.474
2022-06-03,5.1,5.6,295.328
2022-06-04,5.09,5.6,295.328
2022-06-11,5.23,5.6,295.328
2022-06-18,5.78,5.6,295.328
2022-06-25,5.81,5.6,295.328
2022-07-02,5.7,5.6,295.328
2022-07-03,5.7,5.6,295.271
2022-07-09,5.3,5.6,295.271
2022-07-16,5.51,5.6,295.271
2022-07-23,5.54,5.6,295.271
2022-07-30,5.3,5.6,295.271
2022-08-06,4.99,5.6,295.271
2022-08-13,5.22,5.6,295.271
